Company A,Company B
Apptuto,42
Alchemist Accelerator,adRise
Adesto Technologies,Artificial Muscle Inc.
Alt12 Apps,Appurify
Eargo,3Scan
Alchemist Accelerator,Affinity Labs
ALDEA Pharmaceuticals,Apieron
Artillery,Alation
August,Anacor Pharmaceutical
analyticsMD,42Floors
Amiato,Apptimize
42Floors,1000memories
"Andy OS, inc.",Applauze
Avalanche Biotech,Allux Medical
Airbnb,ApniCure
InboxQ,20n
42Floors,Acclarent
Algolia,Amitree
InboxQ,6SensorLabs
Apartment List,Airbnb
AccessLan Communications,Airbnb
Amitree,AeroFS
Ascendis Pharma,3-V Biosciences
Algolia,Appbistro
Airseed,Accredible
15Five,Appbistro
AdviseHub,9+ Program
Auctomatic,20n
"Ariosa Diagnostics, Inc.",2Wire
Aerospike,3Jam
Apportable,500Friends
Amprius,Adura Technologies
Align Commerce,Amprius
280 North,Amplitude
Airpost.io,Assemblage
280 North,Authy
Allay,Academize
Alcanzar Solar,3Scan
Asseta,Active Mind Technology
Amiato,Amulyte
Arcot Systems,Adaptive Insights
analyticsMD,Apportable
AdStage,Addepar
Ark,1000memories
AppJet,Appurify
Arcot Systems,AdsNative
Ark,Amino
Amiato,AnyLeaf
Ardian,AEGEA Medical
Alien Technology,Anacor Pharmaceutical
Apropose,Airware
ACCO Semiconductor,Appurify
AdNectar,AdGrok
Automatic,Adioso
1000memories,42Floors
15Five,Airseed
Availigent,Atempo
Airware,AppDynamics
Avantis Medical Systems,AorTx
Acta technology,Auditude
Ark,100Plus
Ark,Acta technology
42,42Floors
AeroFS,AppJet
Desk,Athos
AppZen,Applauze
"Progyny, Inc.",Airware
Apieron,Adaptive Insights
Adaptive Insights,Aligo
15Five,Allay
AdStage,Applauze
"Progyny, Inc.",AngelList
Apieron,AdsNative
AppSocially,AngelList
Aria Systems,Ascendis Pharma
Atrenta,ANDA Networks
Anchor Intelligence,Apiary
AppDynamics,AdRoll
Altiscale,App Annie
Airware,20n
Applied Identity,Apigee
Ausra,Alchemist Accelerator
Airtable,Avegant
agÃÂ¡mi Systems,Alexza Pharmaceuticals
Align Commerce,ARMO BioSciences
1000memories,Apportable
Asseta,20n
AltSchool,Area 1 Security
Anybots,AppHarbor
AngelList,Apsalar
Anybots,Aptible
AnyPerk,AeroFS
42,Apportable
Apcera,Authy
ArtCorgi,AllTrails
Ark,21 Inc
Access Closure,Aragon Surgical
Appstores.com,AngelList
Ausra,Area 1 Security
AngelList,AdEspresso
Artillery,Airbnb
AdEspresso,AllTrails
Apptera,Athos
AeroFS,Automattic
Eargo,500Friends
Alt12 Apps,1000memories
Desk,Adallom
ACCO Semiconductor,Averail
AppDynamics,Acupera
Apsalar,AppDynamics
Amulyte,280 North
Api.ai,Aicent
Actiance,Anchor Intelligence
Adhusky,Airpost.io
Anyadir Education,Applauze
Astrid,about.me
App.net,AnyPerk
Api.ai,Avegant
Adioso,InboxQ
AdsNative,ADARA
Apiary,ADARA
Aicent,AeroScout
APX,Access Closure
Adku,Avi Networks Inc
Apcera,8tracks Radio
Apprion,Area 1 Security
AppHarbor,AgileMD
Allbound,Adhusky
Archemix,Allux Medical
Atomwise,20n
500Friends,Atempo
Atheer Labs,Airbnb
Aardvark,Activehours
Altius Education,Airtable
Algolia,15Five
Atomwise,"ArrayPower, Inc."
Apcera,AltSchool
Aviate,Affirm
Asana,ADARA
Appstores.com,Algolia
280 North,Aptible
15Five,Avegant
8tracks Radio,AdStage
3ware,Allocade
One Inc.,500Friends
AppJet,1000memories
AngelList,AdStage
"Progyny, Inc.",41st Parameter
AdGrok,Atomwise
ArtCorgi,Alumnify
Desk,AngelList
Affirm,Athos
AnyPerk,ADARA
AppSlingr,Assemblage
1000memories,Assembly
Alchemist Accelerator,Asseta
AppHarbor,Adioso
Avi Networks Inc,1000memories
8tracks Radio,ARIO Data Networks
Apptimize,Apiary
37coins,"Andy OS, inc."
ADVANCE Medical,Anacor Pharmaceutical
Apptera,Acupera
agÃÂ¡mi Systems,Aerospike
AngelList,3Sourcing
Aerohive Networks,Aerospike
Arcot Systems,Aragon Surgical
AirPR,"Andy OS, inc."
Alt12 Apps,AdsNative
Ark,Anchor Intelligence
"ArrayPower, Inc.",Anagran
Aruba Networks,App Annie
Apptimize,42Floors
Aligo,Apprion
42Floors,InboxQ
APX,ADARA
Ardian,Avidia
500Friends,Augmedix
500Friends,Amplitude
Above All Software,AeroScout
Artimi,AccessLan Communications
Apcera,Autonomic Technologies
Aardvark,Autodaq
Atom Entertainment,App Annie
Anchor Intelligence,Assembly
Astrid,Adku
Ascendis Pharma,Alector
Athos,AppDynamics
Asana,AdRoll
Asseta,Apptimize
Apigee,Airbnb
Apieron,Aragon Surgical
Artillery,Apropose
about.me,Appurify
Apptimize,Apportable
20n,Alchemist Accelerator
Airphrame,Assembly
Aerospike,3ware
Amplify Health,Aptible
Affirm,Acupera
Allay,3Sourcing
App Annie,AdMob
Appcelerator,AgilOne
Ark,InboxQ
Eargo,August
1000memories,Airbnb
Arrayent,Apsalar
Airware,Amulyte
AllTrails,Adku
Autonomic Networks,Augmedix
Auctomatic,AppJet
42,Airbnb
Attune,AltSchool
Api.ai,37coins
Airbnb,Amplitude
Atlantis Computing,ARIO Data Networks
Asseta,Amulyte
Airbnb,Authy
Align Commerce,"Progyny, Inc."
Arcaris,3DPrinterOS
Agami System,Aerohive Networks
Autodaq,Airphrame
Anybots,PushMarket
Asseta,AnyLeaf
3-V Biosciences,AppDynamics
Airseed,Apportable
Atomwise,Apptimize
Alumnify,Applauze
One Block Off the Grid (1BOG),Aerospike
Arch Rock Corporation,Acclarent
Audiodraft,Apsalar
AngelList,Appbistro
AdGrok,Apptimize
Apptimize,Alation
Archemix,ANDA Networks
Appbistro,Appsperse
AltoWeb,3Jam
Audiodraft,AdEspresso
One Inc.,ApplePie Capital
Airbnb,8tracks Radio
Ark,Arch Rock Corporation
PushMarket,Auctomatic
One Inc.,August
Avegant,Applauze
Amplitude,20n
Amprius,Allocade
Adku,6sense
Airy Labs,Appurify
Desk,ASTADIA
Automatic,20n
Anki,Alation
AeroFS,Asana
Aria Systems,Atieva
Appthority,Autonomic Networks
Alexza Pharmaceuticals,AliveCor
analyticsMD,Auctomatic
AngelList,Asana
AppRedeem,AeroFS
AdGrok,AnyLeaf
Nimble VR,Agiliance
Airware,AppJet
Adku,Agentdesks
Airtable,AeroFS
AngelList,Airseed
Aerohive Networks,Aeluros
6sense,Audentes Therapeutics
Aicent,500Friends
Allihub,Area 1 Security
Algolia,2Wire
"Progyny, Inc.",Ausra
Algolia,App.io
Adaptive Planning,ADARA
Arrayent,3Sourcing
AngelList,Allay
Apportable,Amplitude
Appirio,Airbnb
Apportable,Authy
Altiscale,AeroFS
Robinhood,Adallom
Archemix,AccessLan Communications
Alchemist Accelerator,AdRoll
Amitree,Apportable
Appthority,Allux Medical
Altor Networks,Artimi
Acclarent,3-V Biosciences
Activehours,Appurify
Algolia,Asseta
Adioso,AirPair
100Plus,Alt12 Apps
Arrayent,Availigent
Audiodraft,99Gamers
Altor Networks,Appurify
Asseta,AdEspresso
Agami System,Altor Networks
Audiodraft,3Sourcing
Apropose,Affirm
Align Commerce,3-V Biosciences
Artillery,Anki
Ascendis Pharma,Atieva
ArcSight,AppDynamics
Aerospike,AuctionDrop
App.net,Asana
1000memories,Auctomatic
AppFormix,Autodaq
App Annie,AppDynamics
Alation,21 Inc
AdGrok,AnyPerk
Allay,Airseed
AngelList,Nimble VR
Avalanche Biotech,Anacor Pharmaceutical
42,Auctomatic
Cloud9 IDE,Artimi
Apsalar,AirPR
Robinhood,Alien Technology
Apptuto,AirPR
Adioso,AeroFS
Apptimize,Airbnb
The Activity Exchange (AchieveMint),AgileMD
Robinhood,Airware
Arcot Systems,AirPair
2Wire,Athos
Robinhood,AngelList
42Floors,3ware
AgileMD,20n
42Floors,64 Pixels
Anacor Pharmaceutical,6sense
One Block Off the Grid (1BOG),Aeluros
AnyPerk,42Floors
3ware,AllBusiness.com
Apcera,Airware
Arch Rock Corporation,Anaplan
Academia.edu,Atomwise
Align Commerce,21 Inc
ADVANCE Medical,6sense
Aerohive Networks,3-V Biosciences
3ware,Allvoices
Anki,Airbnb
AngelList,Avegant
AppHarbor,20n
AdGrok,Automattic
ArcSight,ARMO BioSciences
Aarohi communication,Agiliance
Adventure Bucket List,Api.ai
6sense,AppDynamics
Autonomic Networks,Auditude
Appirio,AccessLan Communications
Alien Technology,Acclarent
AppDynamics,Airbnb
AppZen,"Andy OS, inc."
Altor Networks,Averail
Agility Design Solutions,Acclarent
AdStage,"Andy OS, inc."
Autogrid,Alchemist Accelerator
2Wire,AdRoll
Amino,Arcot Systems
Apcera,Amiato
"Ariosa Diagnostics, Inc.",Allux Medical
Appirio,Atom Entertainment
Authernative,Abra
100Plus,Acompli
Amino,The Activity Exchange (AchieveMint)
23andMe,Apropose
Astrid,Academize
Adku,1000memories
Acompli,Applauze
Ardian,Authernative
Audiodraft,Appbistro
Api.ai,AlikeAudience
Airstone,Applauze
Airware,Availigent
Algolia,Altor Networks
ArtCorgi,Audiodraft
Align Commerce,3VR
Adventure Bucket List,37coins
Ark,Authy
Adility,Airseed
Arcaris,AppSlingr
Affinity Labs,Aruba Networks
PushMarket,Atomwise
Apportable,Aptible
Argo,AdRoll
Allay,Avegant
Automatic,Amulyte
AppDirect,about.me
Apcera,Applauze
"AutoLotto, Inc.",3Sourcing
"Andy OS, inc.",AstroloMe
AllTrails,Academize
Adku,Acta technology
Attune,Acompli
Autogrid,Airy Labs
AnyPerk,140 Proof
Activehours,1000memories
Apsalar,99Gamers
AnyPerk,Alation
Nimble VR,AeroScout
analyticsMD,Atomwise
Apptuto,99Gamers
Altor Networks,Amino
AdStage,Adku
Arch Rock Corporation,Aicent
AdGrok,1000memories
One Block Off the Grid (1BOG),3-V Biosciences
AppSocially,"Andy OS, inc."
Airbrite,500Friends
Airware,23andMe
AnyLeaf,AirPair
Audiodraft,Airseed
Amino,AdMob
Arch Rock Corporation,Avegant
Apcera,41st Parameter
Align Commerce,ApniCure
Apieron,AdverCar
Apartment List,AnyPerk
Aria Retirement Solutions,Automattic
Adiana,Audentes Therapeutics
Attune,Airware
Auditude,AeroScout
Availigent,Altia Systems
Attune,AngelList
agÃÂ¡mi Systems,23andMe
AppMesh,Agentdesks
InboxQ,Aruba Networks
Activehours,One Inc.
Arrayent,Nimble VR
InboxQ,August
One Inc.,AltSchool
AnyLeaf,AeroFS
Airbnb,280 North
Adworx,Api.ai
Algolia,AdRoll
AgileMD,Apptimize
ADVANCE Medical,Appthority
Ark,AppRedeem
Anki,Apropose
Atrenta,6sense
Aria Systems,Alt12 Apps
Desk,about.me
1000memories,Atomwise
42,"AutoLotto, Inc."
Alchemist Accelerator,ASTADIA
Active Scaler,Airpost.io
42Floors,Aptible
Amprius,Allvoices
3Sourcing,Applauze
42,Atomwise
AppHarbor,Apptimize
Aerohive Networks,ApniCure
AdStage,AppDynamics
Agami System,Agility Design Solutions
Arrayent,Avegant
1Life Healthcare,Asana
Apiary,AnchorFree
AgileMD,Amulyte
Api.ai,Airy Labs
AgileMD,AnyLeaf
Aerohive Networks,3Jam
Asana,Airbnb
Aeluros,3-V Biosciences
Nimble VR,Aromyx
Allihub,Robinhood
PushMarket,Apptimize
Arkivio,41st Parameter
Amitree,AccessLan Communications
Ark,Aptible
37coins,Apsalar
AppHarbor,Amulyte
Autogrid,Autonomic Networks
ArtCorgi,Applauze
about.me,Alector
ArcSight,"Progyny, Inc."
AdEspresso,Applauze
Algolia,AngelList
AppHarbor,AnyLeaf
37coins,AdEspresso
AnyPerk,Airbnb
Audiodraft,Avegant
Aarohi communication,AeroScout
Appthority,Aptus Endosystems
AirPR,Apsalar
Agami System,42Floors
August,Aicent
Algolia,analyticsMD
Acclarent,Aria Biosystems
InboxQ,Affinity Labs
Avi Networks Inc,Aerohive Networks
Eargo,Altius Education
Audiodraft,Apptuto
ActivityHero,AirPR
Airware,Authernative
Academia.edu,Artimi
Arrayent,Atempo
AppDynamics,Adku
Amprius,AngelList
99Gamers,AllTrails
Artillery,AnyPerk
AppRedeem,42Floors
AngelList,Aerohive Networks
AeroFS,AirPair
Airware,Nimble VR
Amplitude,AdStage
Adiana,Alexza Pharmaceuticals
Apieron,Alchemist Accelerator
37coins,Anyadir Education
Adventure Bucket List,9+ Program
15Five,AppZen
AppSlingr,Active Scaler
Airtable,42Floors
Alumnify,"Andy OS, inc."
Amitree,Arcot Systems
Ark,Altius Education
Altor Networks,Appcelerator
Agiliance,Apptera
Desk,Adku
3Jam,Apigee
Allay,App.io
15Five,ActivityHero
Atheer Labs,AnyPerk
Amiato,Asseta
One Inc.,ADARA
280 North,Adioso
One Block Off the Grid (1BOG),3Jam
One Inc.,Altius Education
Airbnb,41st Parameter
Adventure Bucket List,AlikeAudience
Adura Technologies,AllBusiness.com
Arrayent,Api.ai
3Scan,Authy
Atrenta,Appthority
Adura Technologies,Allvoices
Cloud9 IDE,Appcelerator
PushMarket,Agentdesks
Affinity Circles,Airespace
Artillery,Altiscale
Adatao,AeroFS
PushMarket,AnyPerk
Avidia,ADARA
Nimble VR,500Friends
AirPair,Auctomatic
Altiscale,Apportable
Amiato,AeroFS
Appstores.com,"AutoLotto, Inc."
AirPR,99Gamers
Robinhood,Apartment List
AirPR,3Sourcing
Adioso,42Floors
Arrayent,Augmedix
3-V Biosciences,3VR
One Inc.,Athos
Anybots,42
analyticsMD,AdGrok
analyticsMD,AnyPerk
Adaptive Insights,ADARA
AdGrok,InboxQ
Arch Rock Corporation,Aerohive Networks
Appbistro,"AutoLotto, Inc."
Airtable,Alation
Applied MicroStructures,Airbnb
App.net,AeroFS
Autogrid,ASSIA
Atom Entertainment,Alvesta
42Floors,PushMarket
Robinhood,Affirm
Airware,Atempo
8tracks Radio,Auditude
Aardvark,adRise
AnyPerk,Auctomatic
Atrenta,Acta technology
Altiscale,Alation
Amulyte,20n
Autonomic Networks,Allux Medical
AtheroMed,3ware
Aviate,AdStage
Adioso,Apportable
One Block Off the Grid (1BOG),Arch Rock Corporation
Agami System,Robinhood
Astrid,23andMe
Ark,280 North
Apcera,Affirm
Appthority,Anacor Pharmaceutical
Adworx,9+ Program
42Floors,Agility Design Solutions
Ark,Autopilot
AEGEA Medical,Aria Biosystems
Avalanche Biotech,Appthority
AppMesh,AdsNative
Artillery,Abra
3Jam,23andMe
AngelList,Accredible
Ausra,AppDynamics
3-V Biosciences,ApniCure
Airtable,Assembly
Arrayent,2Wire
InboxQ,8tracks Radio
Agami System,agÃÂ¡mi Systems
Alchemist Accelerator,Anagran
Ark,PushMarket
Adiana,AEGEA Medical
Applauze,Augmedix
Appbistro,Appstores.com
Appthority,Articulinx Inc.
1000memories,AdGrok
1000memories,AnyPerk
Alation,8tracks Radio
Airware,Api.ai
Alvesta,Alacritech
Atrenta,Avalanche Biotech
37coins,Appbistro
42,AdGrok
42,AnyPerk
9+ Program,Aarki
Augmedix,AppJet
Akanda Inc,AdStage
"Andy OS, inc.",Apsalar
Atheer Labs,1000memories
Audiodraft,App.io
Robinhood,about.me
Aha Mobile,2Wire
AliveCor,Atomwise
One Inc.,Airtable
Align Commerce,Apcera
Apcera,about.me
3DPrinterOS,Active Scaler
Aarohi communication,500Friends
One Inc.,AngelList
Airware,Amplitude
Ausra,ARMO BioSciences
ACCO Semiconductor,Alchemist Accelerator
Autonomic Technologies,Aria Biosystems
Adworx,Adventure Bucket List
Ardian,ADARA
AppMesh,Appcelerator
37coins,Airseed
Robinhood,Apropose
Academia.edu,21 Inc
Agiliance,AeroScout
AltSchool,App.net
"Ariosa Diagnostics, Inc.",Anacor Pharmaceutical
Airtable,Airbnb
Airbrite,Amplitude
Airbrite,Authy
AppZen,AirPR
Area 1 Security,Alation
Airbnb,Ausra
37coins,Allay
140 Proof,AltSchool
AdStage,AirPR
Alien Technology,3ware
AllTrails,Airseed
Agility Design Solutions,3ware
23andMe,Appurify
Alchemist Accelerator,"Andy OS, inc."
Align Commerce,ArcSight
Ark,Applauze
AnyLeaf,42Floors
42,Anyadir Education
AppZen,Apsalar
Astoria Road,Api.ai
AllTrails,Allay
AdStage,Apsalar
Apsalar,Augmedix
Atieva,Audentes Therapeutics
ACCO Semiconductor,Airy Labs
"Andy OS, inc.",99Gamers
Affirm,Atomwise
Achievers,AdMob
Adatao,Acupera
AdRoll,Altiscale
Appurify,1000memories
"Andy OS, inc.",3Sourcing
Artillery,Asana
AnyLeaf,Apportable
Airware,Asseta
AppDynamics,Above All Software
Amino,Autism Acumen
Algolia,AgileMD
Astoria Road,37coins
Amprius,Ausra
Aviate,Asana
Aardvark,AltSchool
Adatao,AngelList
Alexza Pharmaceuticals,Audentes Therapeutics
Align Commerce,Autonomic Technologies
Algolia,Airbnb
Airbnb,Affirm
"AutoLotto, Inc.",App.io
Nimble VR,adRise
Anapsis,Augmedix
Apcera,Adku
Appirio,Agora
3ware,Apropose
Apptimize,Appurify
Apsalar,App.io
Attune,about.me
Anybots,Airbrite
Amiato,analyticsMD
Apptuto,App.io
280 North,20n
37coins,Avegant
Arrayent,Airpost.io
AppSocially,Apsalar
Amprius,Airbnb
Asseta,AeroFS
AppSocially,AdEspresso
42Floors,agÃÂ¡mi Systems
Anki,Artimi
Altiscale,AccessLan Communications
Airseed,Agentdesks
AllTrails,Avegant
Anchor Intelligence,1000memories
AltoWeb,41st Parameter
Airseed,Appurify
AppZen,99Gamers
Adomo,AeroScout
Altor Networks,Cloud9 IDE
AdStage,99Gamers
AppZen,3Sourcing
Anki,AnyPerk
AVG Technologies,Agiliance
ARIO Data Networks,Apture
InboxQ,Attune
Amiato,Algolia
AdStage,3Sourcing
AdGrok,AirPair
Adaptive Insights,42Floors
Audentes Therapeutics,ANDA Networks
ArtCorgi,42
Aarohi communication,Arch Rock Corporation
AppLovin,AeroFS
ADVANCE Medical,Atieva
Appstores.com,AdEspresso
AtheroMed,Alchemist Accelerator
140 Proof,ADARA
Robinhood,Alexza Pharmaceuticals
23andMe,Acclarent
Access Closure,Arcot Systems
AppJet,Applauze
Avalanche Biotech,"Ariosa Diagnostics, Inc."
100Plus,Adku
Apcera,AppDynamics
Airespace,Averail
AirXpanders,Attune
3Scan,Airtable
ActivityHero,AllTrails
Algolia,AccessLan Communications
AppSocially,AdStage
Artillery,Avegant
aboutLife,Autonomic Technologies
8tracks Radio,Autonomic Networks
Adaptive Insights,Apportable
Apportable,Adioso
Appstores.com,Anyadir Education
Active Scaler,Assemblage
AliveCor,Artimi
Appbistro,Anyadir Education
Amiato,42Floors
AeroFS,Apportable
The Activity Exchange (AchieveMint),Anapsis
Align Commerce,Area 1 Security
AngelList,Apportable
AppSocially,3Sourcing
Avegant,AeroScout
AppRedeem,AdMob
Arch Rock Corporation,Agility Design Solutions
Nimble VR,Authy
Amitree,Artimi
Adioso,Auctomatic
PushMarket,InboxQ
Applauze,AdRoll
AdRocket,Airbnb
Aardvark,ADARA
Agiliance,500Friends
Ad Infuse,Averail
Desk,Automattic
Aria Systems,ADVANCE Medical
analyticsMD,InboxQ
Aardvark,Alt12 Apps
Amiato,Apportable
Aicent,Altia Systems
Artillery,Aviate
Altiscale,AdMob
AeroFS,Alation
August,Area 1 Security
1000memories,Anchor Intelligence
AngelList,Alation
Alumnify,Apsalar
about.me,Airy Labs
3ware,Articulinx Inc.
Astoria Road,9+ Program
Aruba Networks,AccessLan Communications
August,Automatic
Arch Rock Corporation,42Floors
Airbnb,Adku
Allihub,App.net
Api.ai,Altitude Co
Appirio,Adaptive Insights
Authy,Airtable
Amplitude,App.io
"ArgiNOx Phamaceuticals,Inc.",Alector
Adatao,Alation
Atom Entertainment,AccessLan Communications
Ark,Allihub
Alien Technology,AirTight Networks
Attune,Aardvark
Airware,Acompli
Audiodraft,AppZen
Amiato,Alation
AltSchool,100Plus
Artillery,Ark
Atrenta,Atieva
Ausra,3-V Biosciences
Arrayent,AVG Technologies
Astoria Road,AlikeAudience
Align Commerce,Airware
Audiodraft,Algolia
aboutLife,Area 1 Security
AeroFS,Robinhood
One Inc.,Apartment List
1000memories,InboxQ
AppSocially,Appbistro
Apieron,Arcot Systems
Appurify,Alector
Airbrite,280 North
Adworx,Astoria Road
Anacor Pharmaceutical,Autonomic Technologies
42,InboxQ
Aruspex,5th Finger
Automatic,Asseta
App.net,Alation
AnyPerk,Agentdesks
AVG Technologies,AeroScout
AppDirect,AdsNative
AirPR,App.io
Robinhood,Apptimize
ADVANCE Medical,Autonomic Technologies
Airware,AngelList
Airy Labs,Artillery
99Gamers,Applauze
AgilOne,AdMob
agÃÂ¡mi Systems,Alien Technology
Aardvark,Acompli
Arcot Systems,AdMob
Aerohive Networks,Alien Technology
Aria Systems,Audentes Therapeutics
Altor Networks,Alchemist Accelerator
Airware,analyticsMD
Appstores.com,Appbistro
Astoria Road,Adventure Bucket List
Arrayent,Autonomic Networks
Atempo,AeroScout
3VR,Aerohive Networks
Acta technology,1000memories
Alumnify,99Gamers
Asseta,analyticsMD
Adesto Technologies,Atlantis Computing
Alumnify,3Sourcing
Aerospike,Alexza Pharmaceuticals
AppSocially,Airseed
August,Allegro Networks
Amitree,Amino
Airbnb,20n
Achievers,adBrite
A4Vision,3VR
280 North,AppJet
Aardvark,Airware
AeroFS,Airbnb
Algolia,Anki
App.net,Robinhood
Audaster,Advice Wallet
AnyLeaf,Auctomatic
AppSocially,Allay
App.io,Airseed
Aruba Networks,AdMob
AngelList,Airbnb
Apieron,AdMob
AdStage,15Five
42Floors,AdMob
August,42Floors
Alien Technology,Agility Design Solutions
about.me,Applauze
Appcelerator,AdMob
Appstores.com,Airseed
Apptuto,AngelList
AppFormix,ADARA
Altor Networks,Airy Labs
Desk,Adaptive Insights
Ausra,3VR
Align Commerce,41st Parameter
Atom Entertainment,AdMob
Appurify,adRise
Aardvark,Addepar
One Inc.,about.me
Arch Rock Corporation,Robinhood
Aardvark,Amiato
Adatao,Airbnb
Ascendis Pharma,Audentes Therapeutics
Airware,AVG Technologies
ARIO Data Networks,Auditude
AppZen,Apptuto
Anki,Asana
Airware,Altia Systems
Appstores.com,Allay
AdStage,Apptuto
Algolia,"AutoLotto, Inc."
Amiato,Airbnb
15Five,"AutoLotto, Inc."
Appirio,App Annie
Airespace,Appcelerator
Ark,Desk
Amplitude,ADARA
Ark,42
23andMe,Alector
Autonomic Technologies,Area 1 Security
Allocade,AllBusiness.com
Algolia,Atomwise
Arch Rock Corporation,agÃÂ¡mi Systems
Academia.edu,Apcera
Ark,AdMob
AppSlingr,3DPrinterOS
AppMesh,Autonomic Technologies
One Block Off the Grid (1BOG),Alien Technology
Avegant,500Friends
Acompli,AppJet
Authy,ASTADIA
42,AllTrails
Apprion,ActiveGrid
Aardvark,Airphrame
Robinhood,AnyPerk
Acta technology,Adaptive Insights
AppDynamics,Anaplan
Appirio,AgilOne
Apptuto,Algolia
Artillery,AeroFS
Asana,1000memories
Academize,Audience.fm
1000memories,Ark
AdGrok,PushMarket
Applied MicroStructures,Agentdesks
AppHarbor,Asseta
100Plus,Above All Software
One Inc.,"Andy OS, inc."
AppRedeem,App.net
Ausra,ApniCure
Asseta,42Floors
Aruba Networks,Appirio
AgileMD,AeroFS
Aviate,AeroFS
Apportable,20n
Attune,Apptimize
AppSocially,Avegant
Api.ai,Agiliance
15Five,Appstores.com
3VR,Altor Networks
500Friends,Apptimize
Ad Infuse,Appcelerator
37coins,AlikeAudience
PushMarket,AirPair
Accredible,Agentdesks
Airy Labs,Apportable
Athos,Acupera
AppHarbor,AeroFS
App.io,Avegant
ApptheGame - Swoopt Daily Fantasy Sports,Appbistro
about.me,1Life Healthcare
Anybots,500Friends
Adku,Applauze
Apptimize,Alector
Asseta,Apportable
Adventure Bucket List,Altitude Co
Arrayent,AppMesh
Appstores.com,Avegant
Amplitude,AdRoll
AdsNative,Adaptive Insights
Ark,Appirio
Adioso,Airbrite
AdGrok,42Floors
AeroFS,Auctomatic
"Andy OS, inc.",App.io
Alchemist Accelerator,Averail
Automatic,AdRoll
One Inc.,Adku
Airbnb,Apptimize
Autogrid,Appurify
20n,21 Inc
AltSchool,August
adBrite,Aruba Networks
Airseed,Alector
Artify It,500Friends
Airware,Alation
AltSchool,Authernative
Ardian,Anagran
100Plus,AppJet
Amitree,Appcelerator
AVG Technologies,500Friends
Adatao,Apropose
"Andy OS, inc.",Asseta
3VR,AllBusiness.com
Atomwise,Apportable
AnyPerk,21 Inc
Algolia,Apptimize
AllBusiness.com,Allvoices
Airbnb,Above All Software
Anagran,AdMob
3DPrinterOS,Alumnify
1000memories,Authy
Amiato,Auctomatic
Airbnb,Amulyte
AdGrok,Apportable
Amiato,Apropose
37coins,Alchemist Accelerator
Nimble VR,Airtable
20n,500Friends
Anacor Pharmaceutical,AcelRx Pharmaceuticals
Amplify Health,Anapsis
Airbnb,AnyLeaf
Affirm,Asana
Amplitude,Airtable
Appthority,"Ariosa Diagnostics, Inc."
Adku,Audience.fm
Amplitude,AngelList
Ark,AppDynamics
Airtable,Appurify
AnyLeaf,Atomwise
AltSchool,15Five
42,AirPair
2Wire,Apsalar
500Friends,AnyPerk
One Inc.,AstroloMe
Astrid,AngelList
AliveCor,Aicent
Algolia,AnyLeaf
Atomwise,Alation
One Inc.,Adility
One Inc.,Aardvark
Automatic,analyticsMD
Ark,20n
AppZen,App.io
ArtCorgi,AirPR
AdStage,App.io
Anki,Aviate
Agility Design Solutions,agÃÂ¡mi Systems
Allihub,21 Inc
Altiscale,Artimi
"Ariosa Diagnostics, Inc.",Anaplan
APX,Adaptive Insights
aboutLife,agÃÂ¡mi Systems
ASTADIA,Adaptive Insights
2Wire,Altiscale
APX,AdsNative
Eargo,Ascend Consumer Finance
PushMarket,Accredible
Anaplan,Above All Software
ArcSight,AdRoll
AnyPerk,Asana
Appbistro,AllTrails
15Five,Artify It
Agami System,Aeluros
AppFormix,Airphrame
Alation,Affirm
Applauze,Airbnb
AppSocially,37coins
App Annie,AdRoll
AdRoll,Aerohive Networks
Ark,Activehours
Auctomatic,Adioso
ASSIA,Adello Inc
Airware,Ausra
Autonomic Networks,Appurify
AirPR,AngelList
Appstores.com,Anomaly Innovations
500Friends,AdEspresso
Amprius,aboutLife
Asana,Anchor Intelligence
Ark,Agiliance
analyticsMD,Aptible
AppZen,Asseta
Altor Networks,1Life Healthcare
Academia.edu,Alchemist Accelerator
Artificial Muscle Inc.,Adura Technologies
Automatic,Algolia
Alumnify,Apptuto
Avidia,Alexza Pharmaceuticals
Nimble VR,Applauze
Appbistro,Anomaly Innovations
37coins,AppZen
140 Proof,Airbnb
Anki,Ark
Amino,Cloud9 IDE
Ark,Airbrite
Airware,AgileMD
Argo,Altiscale
Anyadir Education,App.io
Algolia,Artimi
AgilOne,adBrite
The Activity Exchange (AchieveMint),Augmedix
42Floors,Aerospike
Airware,Airbnb
Agiliance,ArcSight
Allux Medical,ANDA Networks
Algolia,AdGrok
Algolia,AnyPerk
Api.ai,AeroScout
App.net,AdMob
Altor Networks,agÃÂ¡mi Systems
ADARA,Aragon Surgical
3ware,Acclarent
37coins,ActivityHero
InboxQ,about.me
Alchemist Accelerator,Adaptive Insights
Asseta,Airbnb
8tracks Radio,Anki
ArcSight,AngelList
agÃÂ¡mi Systems,Airbnb
Aarki,Altitude Co
Aarohi communication,Airware
Airbnb,Altiscale
AdsNative,Aragon Surgical
Airware,Adioso
Agami System,Acclarent
"Progyny, Inc.",Aerohive Networks
Algolia,Affinity Circles
1000memories,Aptible
Autonomic Networks,Averail
Adatao,Anki
Attune,ARIO Data Networks
Algolia,AdEspresso
AgileMD,analyticsMD
AnyPerk,InboxQ
42,Aptible
Apropose,AeroFS
Amulyte,Amplitude
Allbound,Alpha Moda Lab
Atrenta,AcelRx Pharmaceuticals
Asseta,Assemblage
AngelList,"AutoLotto, Inc."
Agami System,3-V Biosciences
AeroFS,Atomwise
Robinhood,Asana
ArtCorgi,99Gamers
Airtable,1000memories
Autonomic Technologies,agÃÂ¡mi Systems
ArtCorgi,3Sourcing
Atom Entertainment,adBrite
AngelList,Atomwise
Achievers,Appcelerator
AdEspresso,3Sourcing
ActivityHero,Applauze
Robinhood,Airseed
AppHarbor,analyticsMD
Algolia,Averail
AlikeAudience,Altitude Co
Attachments.me,AdsNative
Algolia,Anyadir Education
AdStage,Auditude
15Five,Anyadir Education
Adaptive Planning,Adaptive Insights
Adaptive Planning,AdsNative
Aria Systems,Aha Mobile
Auris Surgical Robotics,AppDirect
Amiato,Atomwise
Anapsis,AgileMD
Appcelerator,AirPlug
AppHarbor,Algolia
Amino,Aptible
AppDynamics,Aerohive Networks
AngelList,Appstores.com
Anki,Apcera
AltSchool,8tracks Radio
Averail,Appurify
Amplitude,140 Proof
Amplitude,Alation
Altia Systems,Atempo
ArcSight,41st Parameter
Automattic,Airbnb
APX,Aragon Surgical
Avidia,AEGEA Medical
AltSchool,App.io
Appthority,3ware
Airtable,21 Inc
Algolia,Amino
Acclarent,Audentes Therapeutics
42Floors,Aeluros
Achievers,AgilOne
AgileMD,42Floors
Alien Technology,agÃÂ¡mi Systems
100Plus,Asana
InboxQ,Active Mind Technology
Asseta,Auctomatic
analyticsMD,PushMarket
AnyLeaf,AnyPerk
Ascendis Pharma,Aha Mobile
Ark,AeroScout
Amino,Altius Education
Alumnify,App.io
agÃÂ¡mi Systems,Apropose
Agami System,3VR
Academia.edu,Applauze
Adatao,Apptera
Agiliance,AirTight Networks
AppSocially,ArtCorgi
AppHarbor,42Floors
AeroFS,App.net
AdMob,ADARA
2Wire,Anaplan
Apptera,Aerohive Networks
AnyPerk,Ark
Aerospike,23andMe
AgileMD,Apportable
Area 1 Security,Abra
Anybots,Amplitude
Apptimize,Aptible
1000memories,280 North
Atomwise,Auctomatic
Altor Networks,Arcot Systems
Attune,Airseed
Amitree,Cloud9 IDE
41st Parameter,Area 1 Security
AdGrok,Auctomatic
21 Inc,AdRoll
AppHarbor,Apportable
Affinity Circles,Adomo
Apptuto,"Andy OS, inc."
Airy Labs,Altitude Co
Ark,AirPR
Availigent,Aicent
Autism Acumen,Aptible
1000memories,PushMarket
Api.ai,500Friends
AppDynamics,Auditude
Availigent,Avegant
42,PushMarket
AppZen,AngelList
Appirio,Alchemist Accelerator
Arch Rock Corporation,Agiliance
AdStage,AngelList
Aviate,Alation
PushMarket,Apportable
Adesto Technologies,Altierre
Amplitude,Airbnb
Automatic,AgileMD
42,ActivityHero
Astoria Software,AnchorFree
42Floors,3-V Biosciences
Adioso,500Friends
AirPair,Authy
Addepar,Assembly
Algolia,Argo
AccessLan Communications,ANDA Networks
Automatic,Airbnb
Audiodraft,"AutoLotto, Inc."
Affirm,Aerohive Networks
Anaplan,Adaptive Insights
Adaptive Planning,Aragon Surgical
Arkin,H2O.ai
Align Commerce,AppDynamics
Acclarent,Alexza Pharmaceuticals
20n,Authy
AllBusiness.com,Actiance
23andMe,Airy Labs
AngelList,6sense
Apsalar,Adku
AltSchool,ADARA
Artillery,Robinhood
Altor Networks,AdMob
One Inc.,Automattic
Athos,about.me
Anybots,Asseta
AppZen,Algolia
One Inc.,Altiscale
AirTight Networks,Apptera
AdStage,Algolia
Artimi,1Life Healthcare
8tracks Radio,Artimi
Algolia,Airseed
AngelList,Agentdesks
Aviate,Robinhood
AeroFS,AnyPerk
AngelList,Appurify
AeroFS,AdGrok
Ausra,AliveCor
Cloud9 IDE,AdMob
Algolia,Allay
21 Inc,Addepar
Autodaq,ADARA
ArcSight,Ausra
ArtCorgi,15Five
Astoria Road,Altitude Co
Algolia,Appcelerator
Avi Networks Inc,AeroScout
Abra,21 Inc
August,Akanda Inc
Agami System,Arch Rock Corporation
Active Mind Technology,Altiscale
Adatao,AnyPerk
42,Applauze
Aerohive Networks,Alexza Pharmaceuticals
Amiato,Appurify
4Blox,AfterCollege
Amiato,AdGrok
Amiato,AnyPerk
ArtCorgi,Apptuto
Airware,Atomwise
42Floors,500Friends
Apptimize,Airy Labs
Airbrite,20n
AppSocially,AppZen
Apieron,AtheroMed
ArcSight,Airbnb
Amplify Health,Augmedix
Allay,Agentdesks
Arcot Systems,Appcelerator
Asseta,Atomwise
Autogrid,adRise
Aptus Endosystems,Articulinx Inc.
AppSocially,Algolia
AgileMD,Airbnb
Aviate,Airbnb
aboutLife,AppDynamics
AdRocket,3scale
Autonomic Technologies,Audentes Therapeutics
Algolia,InboxQ
42Floors,23andMe
Desk,Airstone
Augmented Pixels,Altitude Co
Allihub,8tracks Radio
Atieva,2Wire
AltoWeb,Apigee
InboxQ,Apptimize
AngelList,Anyadir Education
Airseed,Airy Labs
August,Airbrite
Ark,500Friends
AnyPerk,AppRedeem
Aviate,ANDA Networks
Adku,AppDynamics
AppHarbor,Airbnb
Anacor Pharmaceutical,Audentes Therapeutics
AirPair,Aptible
AliveCor,Alchemist Accelerator
Auctomatic,Apptimize
Appurify,1Life Healthcare
Athos,Adku
Allihub,AltSchool
Avalanche Biotech,ANDA Networks
Algolia,Avegant
Appthority,Alchemist Accelerator
ADVANCE Medical,Audentes Therapeutics
Apozy,Airtable
Eargo,Amitree
20n,Aptible
Appstores.com,ActivityHero
A4Vision,Apprion
Ark,23andMe
3Jam,Apropose
Acclarent,AEGEA Medical
Authy,Apptimize
23andMe,Apportable
One Block Off the Grid (1BOG),Alexza Pharmaceuticals
Airseed,PushMarket
Artillery,Allihub
Arch Rock Corporation,AeroScout
AltSchool,Airware
aboutLife,ARMO BioSciences
2Wire,Augmedix
AeroFS,1000memories
AltSchool,AngelList
42Floors,3Jam
Audentes Therapeutics,Alector
AnyPerk,Aptible
Appirio,Apportable
Adility,Agentdesks
Arch Rock Corporation,Aeluros
Avi Networks Inc,Acta technology
Aviate,AccessLan Communications
Alumnify,AngelList
AdWhirl,AdRoll
AdStack,AltSchool
Airware,Apptimize
Arrayent,AnyPerk
App.io,Applauze
Amiato,1000memories
ActivityHero,"Andy OS, inc."
AdRoll,Assembly
Affirm,Alchemist Accelerator
Alien Technology,Aerospike
Audentes Therapeutics,Aria Biosystems
Autonomic Technologies,AppDynamics
Aruba Networks,AgilOne
Agility Design Solutions,Aerospike
Apropose,Alation
Agami System,3ware
Active Mind Technology,Amitree
Altor Networks,ARMO BioSciences
15Five,AllTrails
37coins,Altitude Co
ASSIA,Ascendis Pharma
AltoWeb,Adaptive Insights
Augmedix,AgileMD
Airbrite,Apptimize
Atom Entertainment,AgilOne
23andMe,1Life Healthcare
Anybots,280 North
AgileMD,Auctomatic
Appbistro,Applauze
Auctomatic,AdGrok
Aviate,Apropose
Alumnify,Algolia
AeroFS,21 Inc
Airware,AnyLeaf
Algolia,Ark
8tracks Radio,21 Inc
One Inc.,Airseed
AppFormix,Aardvark
Airseed,Applauze
Artify It,AdRoll
Avidia,Adiana
ARMO BioSciences,Alector
ArtCorgi,App.io
AnyLeaf,InboxQ
AppHarbor,Auctomatic
Argo,2Wire
Applauze,Appurify
AdEspresso,App.io
Airbrite,Amulyte
Amplitude,Aardvark
Applauze,AnyPerk
Airbrite,AnyLeaf
Ausra,41st Parameter
Anybots,Airware
InboxQ,Automattic
Atrenta,Audentes Therapeutics
Appstores.com,140 Proof
Autonomic Technologies,ARMO BioSciences
Arch Rock Corporation,3-V Biosciences
Academia.edu,Desk
500Friends,AirPair
Auctomatic,Automattic
15Five,Alumnify
Auditude,AppDynamics
Desk,Apportable
Airware,Appurify
3Jam,Alexza Pharmaceuticals
8tracks Radio,Asana
Apptimize,1Life Healthcare
Airware,AdGrok
Airware,AnyPerk
Audiodraft,Anyadir Education
App.net,21 Inc
Attune,AeroFS
Adallom,App Annie
Apcera,Athos
Algolia,Automile
Amplitude,Atomwise
AppDynamics,Alation
Adaptive Insights,Appcelerator
500Friends,AeroFS
Applauze,Automattic
Asseta,AdGrok
Asseta,AnyPerk
Artimi,AdMob
Auris Surgical Robotics,Archemix
Automatic,Atomwise
Anybots,Algolia
Altura Medical,Ardian
Adatao,Asana
"ArrayPower, Inc.",AdMob
Apropose,Airbnb
37coins,"AutoLotto, Inc."
August,Adeze
100Plus,Auditude
Artify It,Addepar
Airseed,1Life Healthcare
Amiato,Asana
Adioso,Authy
Avalanche Biotech,Audentes Therapeutics
about.me,Authentic8
AllTrails,"AutoLotto, Inc."
AtheroMed,Acta technology
Anki,Robinhood
Alien Technology,Aeluros
Adku,AeroScout
Atomwise,Artimi
Authy,AdStage
Agility Design Solutions,Aeluros
Aardvark,AppJet
Atomwise,Appurify
Algolia,AirPair
August,3Scan
Airbnb,AeroFS
"Progyny, Inc.",Airbnb
Auctomatic,1000memories
Atomwise,AnyPerk
99Gamers,3Sourcing
3VR,Avi Networks Inc
Arch Rock Corporation,500Friends
Apcera,Airstone
AdRoll,AccessLan Communications
Amprius,Aerohive Networks
Ark,Atempo
Achievers,Adallom
Allegro Networks,Aligo
Authy,Abra
AdMob,Airbnb
37coins,Appstores.com
Anaplan,AirPair
AeroFS,InboxQ
Algolia,AeroFS
ACCO Semiconductor,AdWhirl
ALDEA Pharmaceuticals,AirPR
"Ariosa Diagnostics, Inc.",Autonomic Networks
Applauze,1000memories
ApptheGame - Swoopt Daily Fantasy Sports,Appsperse
Arcot Systems,Cloud9 IDE
Adaptive Insights,Aragon Surgical
Aria Systems,2Wire
Apptuto,Apsalar
Area 1 Security,Aerohive Networks
Apsalar,AdEspresso
Apcera,Airtable
20n,Applauze
ALDEA Pharmaceuticals,Apsalar
Apptuto,AdEspresso
Allihub,Airware
Apcera,AngelList
AngelList,Alector
Access Closure,Adaptive Planning
AgileMD,Atomwise
Aviate,Atomwise
Amiato,InboxQ
42Floors,Amplitude
42Floors,Authy
Airbnb,Auditude
Amplitude,Apptimize
1000memories,42
Airware,1000memories
Airware,Abra
Automatic,Apptimize
AppDynamics,AnchorFree
AppHarbor,Atomwise
Astrid,Apptimize
Alien Technology,3-V Biosciences
Apportable,AeroFS
Agility Design Solutions,3-V Biosciences
August,21 Inc
Arch Rock Corporation,3Jam
aboutLife,3-V Biosciences
Autopilot,Adaptive Insights
agÃÂ¡mi Systems,Acclarent
Ascendis Pharma,2Wire
Ark,Amplitude
Authy,Adaptive Insights
ARMO BioSciences,Aerohive Networks
Arcaris,Airpost.io
42Floors,AltSchool
Adioso,Aptible
adBrite,Airbnb
Automatic,AnyLeaf
Anaplan,Auditude
ACCO Semiconductor,adRise
Auditude,Above All Software
Anki,Allihub
AnyLeaf,Authy
ASTADIA,Apportable
Apsalar,3Sourcing
Ark,8tracks Radio
Apptuto,3Sourcing
about.me,23andMe
AtheroMed,ApniCure
Appcelerator,ArcSight
Cloud9 IDE,Abiquo Group
Adatao,Aviate
AltSchool,Affirm
AngelList,AllTrails
Robinhood,42Floors
Appthority,ANDA Networks
Athos,Apsalar
Ark,AltSchool
Airtable,Area 1 Security
Amiato,Aviate
Ausra,Affirm
Audiodraft,Allay
Asseta,21 Inc
Artillery,App.net
Aicent,Avegant
Apieron,Access Closure
Autopilot,Anaplan
ADVANCE Medical,Aha Mobile
"Andy OS, inc.","AutoLotto, Inc."
Amplitude,Appurify
Autonomic Networks,Alchemist Accelerator
Aerohive Networks,23andMe
Appirio,Desk
AdMob,Anaplan
Amplitude,AnyPerk
ArtCorgi,AngelList
Aviate,App.net
Avi Networks Inc,Adomo
Astrid,Agentdesks
AnyPerk,Robinhood
ADARA,Airbnb
Ark,Asseta
Astrid,Appurify
Robinhood,Apportable
Automatic,AdGrok
Automatic,AnyPerk
Acclarent,Anaplan
Appirio,AdMob
Adatao,Ark
140 Proof,Asana
Autonomic Networks,Area 1 Security
Alchemist Accelerator,Apportable
ALDEA Pharmaceuticals,AtheroMed
Apieron,Adaptive Planning
aboutLife,3VR
Amprius,AllBusiness.com
Amiato,Ark
Aquest Systems,Apptera
Autonomic Technologies,3-V Biosciences
Arrayent,Aicent
Atomwise,21 Inc
Atieva,Allux Medical
Airware,Asana
AllTrails,Agentdesks
InboxQ,AirXpanders
Adworx,37coins
Anybots,AgileMD
Aha Mobile,"Ariosa Diagnostics, Inc."
ArcSight,aboutLife
Airware,Airseed
Aicent,Atempo
ArtCorgi,Algolia
Autonomic Networks,Airy Labs
analyticsMD,Airbrite
Airware,Anaplan
Apsalar,Appbistro
Anaplan,Alchemist Accelerator
Artillery,Artify It
Airbnb,analyticsMD
Apptuto,Appbistro
Appstores.com,42
"Ariosa Diagnostics, Inc.",ANDA Networks
One Inc.,AeroFS
1000memories,20n
23andMe,Appirio
15Five,Audiodraft
AppZen,"AutoLotto, Inc."
Apcera,Alation
AdStage,"AutoLotto, Inc."
Arcot Systems,AirTight Networks
Amprius,Area 1 Security
about.me,August
42Floors,ADARA
AdGrok,500Friends
aboutLife,ApniCure
Aardvark,Asana
Anki,Desk
One Block Off the Grid (1BOG),23andMe
Anybots,Adioso
2Wire,Autonomic Networks
AeroFS,Authy
Alien Technology,3Jam
AirPR,AdEspresso
AnyLeaf,Aptible
Agility Design Solutions,3Jam
"AutoLotto, Inc.",Airseed
Avalanche Biotech,6sense
AngelList,Authy
Adioso,280 North
Authy,Avegant
41st Parameter,AppDynamics
Active Mind Technology,AeroFS
Apsalar,Airseed
"AutoLotto, Inc.",Allay
Apptuto,Airseed
Applauze,Avegant
Api.ai,Apprion
Autonomic Networks,Apprion
ActivityHero,Apsalar
1000memories,Airbrite
Ark,ADARA
Adioso,PushMarket
AgileMD,AdGrok
AgileMD,AnyPerk
Apsalar,Allay
Aviate,AnyPerk
AgilOne,Adallom
Airware,InboxQ
Apptuto,Allay
42,Airbrite
AirPR,Anyadir Education
21 Inc,Atomwise
AdviseHub,Altitude Co
Adatao,Aerohive Networks
Ark,Archemix
Atrenta,Aha Mobile
Amplitude,Abra
Agentdesks,adRise
Ark,Alt12 Apps
Algolia,ActivityHero
Autonomic Technologies,3VR
Asseta,InboxQ
Airtable,Applauze
Airware,Aicent
AppHarbor,AdGrok
AppHarbor,AnyPerk
2Wire,Allux Medical
Attune,Apportable
Automatic,1000memories
Amiato,AirPair
AppSocially,"AutoLotto, Inc."
Airy Labs,Alector
Airy Labs,ApplePie Capital
Alien Technology,August
Airware,Avegant
Nimble VR,Availigent
Arrayent,Ark
1Life Healthcare,Alector
Airbnb,42Floors
Apcera,Ausra
Arch Rock Corporation,3ware
Aruba Networks,Adallom
Aerospike,42Floors
Audiodraft,AllTrails
3Jam,Acclarent
Airpost.io,3Sourcing
ARMO BioSciences,Area 1 Security
Appcelerator,Adallom
Atomwise,InboxQ
Amitree,AdMob
Algolia,42Floors
42Floors,280 North
Atom Entertainment,Adallom
Apsalar,AirXpanders
Autonomic Technologies,ApniCure
Amplify Health,AgileMD
Apcera,Airbnb
Appcelerator,Autopilot
Altor Networks,AdWhirl
Airbnb,Apportable
Averail,Airy Labs
Appthority,Audentes Therapeutics
"AutoLotto, Inc.",Avegant
Activehours,ApplePie Capital
ADVANCE Medical,Ascendis Pharma
Agami System,1Life Healthcare
Airespace,AppDynamics
Avalanche Biotech,Aha Mobile
ActivityHero,99Gamers
Apsalar,Avegant
42Floors,Alien Technology
ActivityHero,3Sourcing
Apptuto,Avegant
15Five,Applauze
"Andy OS, inc.",Agentdesks
AngelList,Autonomic Technologies
Apieron,AngelList
Algolia,Apportable
Allihub,Affirm
Ark,Acompli
AeroFS,Aptible
Airseed,AstroloMe
Altura Medical,Apprion
Airy Labs,adRise
AppDynamics,Avi Networks Inc
Airbnb,Alation
Amulyte,Atomwise
Attune,Robinhood
3Jam,Adaptive Insights
AirTight Networks,AirPair
Anaplan,Apportable
One Inc.,Airstone
42Floors,Addepar
Annexon,Autonomic Technologies
Api.ai,Aarki
Ausra,20n
Adworx,AlikeAudience
Ark,Airtable
Amiato,AppHarbor
Acta technology,Articulinx Inc.
APX,Arcot Systems
Ark,Airware
Amiato,Aptible
Asana,AdMob
Ark,AngelList
100Plus,Airbnb
Amplitude,Asana
AppHarbor,1000memories
AnyLeaf,PushMarket
Aarohi communication,Availigent
"Andy OS, inc.",AdEspresso
Adventure Bucket List,Airy Labs
AirPR,Appbistro
Atrenta,Availigent
99Gamers,App.io
2Wire,Airbnb
Avalanche Biotech,3-V Biosciences
6sense,ARIO Data Networks
about.me,Authy
AnyPerk,AdMob
Alumnify,"AutoLotto, Inc."
One Inc.,Artillery
Altor Networks,adRise
Astrid,Airseed
AdRoll,Appurify
"Andy OS, inc.",Anyadir Education
Apptera,Avi Networks Inc
Acclarent,2Wire
Artillery,21 Inc
AppZen,AnyPerk
Astrid,Allay
AdStage,AnyPerk
Aria Retirement Solutions,Alector
AngelList,Alchemist Accelerator
Appirio,adBrite
"Progyny, Inc.",aboutLife
Algolia,Robinhood
Aviate,21 Inc
Aria Systems,Allux Medical
Anki,App.net
Adjust,abusix
AirPR,Airseed
Apcera,Apropose
APX,Apieron
Auctomatic,AeroFS
Ark,AVG Technologies
AngelList,Area 1 Security
Atrenta,Ascendis Pharma
AirPR,Allay
Ark,Altia Systems
42,AirPR
Artillery,500Friends
ACCO Semiconductor,AdRoll
Alexza Pharmaceuticals,Apropose
AppZen,AdEspresso
Apropose,AnyPerk
AdStage,AdEspresso
August,AltSchool
Amplitude,InboxQ
AngelList,Audiodraft
Anybots,20n
Amulyte,Apptimize
3VR,ApniCure
Amprius,agÃÂ¡mi Systems
Airware,Aerohive Networks
Automatic,InboxQ
AngelList,Airy Labs
Affirm,Avi Networks Inc
Apartment List,August
Amiato,Area 1 Security
2Wire,AccessLan Communications
ApptheGame - Swoopt Daily Fantasy Sports,Appstores.com
Anagran,Apprion
Airware,AirPair
Airespace,6sense
Autonomic Networks,ANDA Networks
AppZen,Anyadir Education
AdStage,Anyadir Education
Adworx,Airy Labs
Adility,Accredible
Ascendis Pharma,Allux Medical
Adatao,Artillery
Asseta,AirPair
agÃÂ¡mi Systems,Aerohive Networks
6sense,Appbistro
23andMe,Aeluros
140 Proof,AeroFS
Adaptive Planning,Arcot Systems
AngelList,Autopilot
One Inc.,42Floors
Arcaris,Assemblage
Airware,AeroFS
PushMarket,500Friends
AngelList,PushMarket
AirPair,20n
Argo,AccessLan Communications
Alt12 Apps,Applauze
Avalanche Biotech,Ascendis Pharma
23andMe,AirPR
Ark,ASTADIA
Aria Systems,AppMesh
Adaptive Insights,Allegro Networks
Apartment List,15Five
Asana,6SensorLabs
AdGrok,Amplitude
ARMO BioSciences,1Life Healthcare
AdGrok,Authy
analyticsMD,500Friends
AirPR,Avegant
AdStage,ARIO Data Networks
Nimble VR,Atempo
Airbrite,AeroFS
280 North,Atomwise
Atomwise,AirPair
Amiato,PushMarket
Atieva,Anacor Pharmaceutical
Amino,Altiscale
Aarohi communication,Nimble VR
500Friends,Auctomatic
Aardvark,AeroFS
AppSocially,Anyadir Education
ArcSight,App Annie
41st Parameter,3-V Biosciences
ArtCorgi,"Andy OS, inc."
Alien Technology,Agami System
Athos,Augmedix
Amulyte,AnyPerk
One Inc.,Academia.edu
Desk,Artimi
AgileMD,InboxQ
Amino,Anapsis
The Activity Exchange (AchieveMint),Autism Acumen
Adventure Bucket List,Aarki
Artillery,ApplePie Capital
Appthority,6sense
One Block Off the Grid (1BOG),Aerohive Networks
Alchemist Accelerator,Articulinx Inc.
One Inc.,140 Proof
One Inc.,Alation
Ascendancy,Aragon Surgical
23andMe,3-V Biosciences
Anyadir Education,3Sourcing
Amplitude,Ark
Aarohi communication,Avegant
1000memories,500Friends
AppHarbor,InboxQ
Airbnb,Auctomatic
August,Altius Education
AlikeAudience,Airy Labs
Appstores.com,AirPR
AppMesh,Applied MicroStructures
Appsperse,Appstores.com
AngelList,Applauze
Aerospike,Apropose
August,Archemix
37coins,AllTrails
Anybots,Apptimize
Automatic,Ark
42,500Friends
Adiana,Acclarent
"Andy OS, inc.",Airseed
Agiliance,Availigent
Asseta,Aptible
A4Vision,Aligo
Alchemist Accelerator,Atomwise
Arch Rock Corporation,Airware
AnyPerk,App.net
Apcera,Atomwise
Autopilot,Alchemist Accelerator
Aruba Networks,Achievers
"Andy OS, inc.",Allay
Algolia,Auctomatic
Algolia,Arcot Systems
Apptimize,Authentic8
Aardvark,Atheer Labs
AppZen,Appbistro
ApplePie Capital,Aarki
AdStage,Appbistro
Anybots,Amulyte
Anacor Pharmaceutical,2Wire
Atom Entertainment,Achievers
Anybots,AnyLeaf
InboxQ,Artillery
Alien Technology,Archemix
Acta technology,AeroScout
Aarohi communication,Atempo
Authentic8,AdRoll
ADVANCE Medical,2Wire
Allay,Applauze
280 North,Apptimize
Atomwise,Aptible
Apropose,21 Inc
Api.ai,AdviseHub
41st Parameter,3VR
Adility,PushMarket
Asana,Artify It
AdGrok,Aptible
Alumnify,AdEspresso
AirTight Networks,Agility Design Solutions
37coins,Alumnify
Ark,AgileMD
"Ariosa Diagnostics, Inc.",6sense
Airespace,Acta technology
Accredible,AstroloMe
Align Commerce,Acupera
42Floors,Adioso
Affirm,Artimi
A4Vision,Apigee
AdStage,Asana
AppDynamics,1000memories
AdWhirl,Appurify
AppZen,Airseed
Algolia,Desk
AdStage,Airseed
Algolia,42
Adallom,Airbnb
3-V Biosciences,Aerohive Networks
15Five,42
Apieron,Anagran
AngelList,1Life Healthcare
Aarohi communication,Api.ai
Alumnify,Anyadir Education
Algolia,AdMob
AppZen,Allay
Autonomic Networks,Audentes Therapeutics
Align Commerce,AngelList
Atheer Labs,adRise
AdStage,Allay
One Inc.,Airbnb
100Plus,Avi Networks Inc
Aviate,Ark
8tracks Radio,Robinhood
Ark,Affirm
"Andy OS, inc.",Avegant
Agnitus,Amprius
about.me,Airtable
AppDynamics,100Plus
AppDynamics,Acta technology
Ark,Adioso
Audiodraft,ActivityHero
41st Parameter,ApniCure
3VR,3ware
Authernative,Area 1 Security
Apropose,Asana
21 Inc,Asana
Automatic,AirPair
Activehours,Alt12 Apps
Apartment List,AltSchool
Appbistro,99Gamers
agÃÂ¡mi Systems,Area 1 Security
AngelList,agÃÂ¡mi Systems
AltSchool,Abra
Allay,Audience.fm
Aptus Endosystems,Alchemist Accelerator
AppHarbor,Ark
Appbistro,3Sourcing
Adatao,Robinhood
Airware,Airy Labs
Anyadir Education,Airseed
Amplitude,AeroFS
App.io,500Friends
Amiato,Robinhood
Anki,21 Inc
Addvocate,AppJet
Automatic,AeroFS
Anyadir Education,Allay
ActivityHero,App.io
AdWhirl,Averail
Affinity Circles,Ad Infuse
AppDynamics,Avalanche Biotech
280 North,AnyPerk
AstroloMe,Agentdesks
Atomwise,Area 1 Security
Avalanche Biotech,Atieva
Appthority,Acta technology
Agility Design Solutions,Alien Technology
Autonomic Technologies,Alt12 Apps
3Scan,Alation
Amplitude,AppRedeem
Aha Mobile,Autonomic Networks
Avegant,3Sourcing
Adallom,AccessLan Communications
Airseed,500Friends
Asseta,PushMarket
Altiscale,AppDynamics
Airbnb,Atomwise
AppZen,Avegant
Altor Networks,AdRoll
Apcera,aboutLife
AdStage,Avegant
Audiodraft,Applauze
Atrenta,2Wire
aboutLife,Airware
Aerospike,Atomwise
Artillery,Authy
aboutLife,AngelList
Airbnb,Avi Networks Inc
Agami System,ARMO BioSciences
Atrenta,Aria Systems
ArcSight,Aerohive Networks
AlikeAudience,Aarki
App Annie,Aerohive Networks
AdsNative,Authentic8
Autonomic Networks,AppDynamics
Apozy,Argo
Cloud9 IDE,AdRoll
AliveCor,21 Inc
Artillery,Apcera
280 North,Automattic
Autopilot,Apportable
1000memories,adRise
AdGrok,280 North
21 Inc,Aicent
Robinhood,Artimi
140 Proof,42Floors
AgileMD,AirPair
Robinhood,Appurify
Astoria Road,Airy Labs
Authy,Apportable
ApptheGame - Swoopt Daily Fantasy Sports,Arbiter
Aria Systems,Anacor Pharmaceutical
Aarohi communication,Arrayent
Alchemist Accelerator,Artimi
Aha Mobile,Allux Medical
Alchemist Accelerator,Appurify
Airespace,3Jam
Airware,42Floors
Anyadir Education,Avegant
Apcera,Appurify
AppHarbor,AirPair
Apcera,AnyPerk
Automattic,Artillery
Alumnify,Appbistro
Agami System,Aerospike
AeroScout,1000memories
Aardvark,Apiary
Adiana,Aragon Surgical
PushMarket,Amplitude
Adioso,20n
PushMarket,Authy
Appthority,AtheroMed
AppDynamics,ApniCure
AltSchool,Asana
Aerohive Networks,42Floors
Athos,Airstone
Airbrite,42Floors
Artimi,2Wire
Authy,Alation
Adatao,Allihub
Atheer Labs,AltSchool
Airstone,Automattic
Airware,Apportable
analyticsMD,Amplitude
analyticsMD,Authy
Avantis Medical Systems,AirXpanders
Adventure Bucket List,AdviseHub
Amiato,Allihub
Aardvark,42Floors
Augmented Pixels,Airy Labs
Ark,Adku
Agiliance,Atempo
Agiliance,Aquest Systems
280 North,1000memories
Affirm,21 Inc
aboutLife,41st Parameter
Ascendis Pharma,Anacor Pharmaceutical
Asseta,AngelPad
AdRoll,A10 Networks
Apcera,Automattic
Alumnify,Airseed
AppMesh,Alt12 Apps
Airbrite,Apportable
Algolia,Airbrite
Atheer Labs,Asseta
100Plus,Appurify
Alumnify,Allay
Asana,21 Inc
Api.ai,Augmented Pixels
AVG Technologies,Availigent
Availigent,AeroScout
Apartment List,AffinityLive
Activehours,Applauze
Appthority,ApniCure
Amulyte,InboxQ
Airtable,Artify It
2Wire,Artimi
Avegant,Airseed
Amprius,ARMO BioSciences
Achievers,Altiscale
42Floors,Alexza Pharmaceuticals
AdStage,37coins
Acta technology,ApniCure
Airy Labs,Aarki
App.net,Affirm
Audentes Therapeutics,ARMO BioSciences
Apropose,Ark
1000memories,Amplitude
AgileMD,Aptible
42Floors,20n
10sec,AnyPerk
Acta technology,3Jam
AppSocially,AllTrails
Apieron,"ArrayPower, Inc."
One Block Off the Grid (1BOG),42Floors
42,Amplitude
42,Authy
Altiscale,adBrite
Nimble VR,AngelList
Attune,Appurify
Airy Labs,1Life Healthcare
adBrite,App Annie
Ark,Aardvark
analyticsMD,Asseta
Robinhood,Acclarent
Argo,Artimi
Aardvark,140 Proof
6sense,Auditude
8tracks Radio,Desk
3ware,Aeluros
Airware,Robinhood
2Wire,Agora
Eargo,Atomwise
Align Commerce,Ausra
AeroFS,AdMob
agÃÂ¡mi Systems,1Life Healthcare
Autonomic Networks,6sense
Appstores.com,AllTrails
Astrid,Airy Labs
Academia.edu,Altius Education
37coins,Audiodraft
3VR,Area 1 Security
AngelList,AdMob
Amplify Health,Amino
Authy,Airbnb
Airware,agÃÂ¡mi Systems
Aha Mobile,ANDA Networks
Activehours,Aarki
PushMarket,Aptible
AliveCor,August
Academia.edu,AliveCor
Attune,AdStack
37coins,Airy Labs
23andMe,3ware
Apportable,Apptimize
Alexza Pharmaceuticals,Acclarent
Autonomic Technologies,41st Parameter
Alumnify,Avegant
Adworx,Altitude Co
ArtCorgi,Apsalar
Alchemist Accelerator,Acta technology
Amino,Augmedix
Airseed,adRise
Amiato,42
Apartment List,AngelList
ArtCorgi,AdEspresso
Align Commerce,Airbnb
Adomo,Aquest Systems
Airbnb,AdGrok
Airbnb,AnyPerk
AppSocially,Alumnify
AppZen,AirPair
Attachments.me,Authentic8
Airespace,Adomo
1000memories,Asseta
Astoria Road,Aarki
Academia.edu,Athos
Nimble VR,Altia Systems
Robinhood,21 Inc
Adioso,Amulyte
Artillery,Area 1 Security
ActivityHero,AngelList
Apptera,Aria Biosystems
Alchemist Accelerator,21 Inc
Appirio,Authy
100Plus,1000memories
Airbnb,Agora
"Andy OS, inc.",Accredible
A4Vision,Api.ai
Active Mind Technology,Atomwise
2Wire,Amino
Amplitude,42Floors
ArtCorgi,AdStage
Arcot Systems,Above All Software
3ware,3-V Biosciences
aboutLife,Ausra
Ad Infuse,Adomo
Aruba Networks,adBrite
Automatic,42Floors
100Plus,Acta technology
Aardvark,Airbnb
Augmented Pixels,Aarki
Avegant,Atempo
Artimi,AdRoll
42Floors,Apptimize
Area 1 Security,Appurify
InboxQ,Auctomatic
AVG Technologies,Nimble VR
Altia Systems,Avegant
Eargo,Apptimize
Apptimize,Authy
Apportable,Appurify
AlikeAudience,AdviseHub
Apportable,AnyPerk
Argo,Amino
Amprius,"Progyny, Inc."
Apportable,AdGrok
Aquest Systems,AirTight Networks
6connect,Aria Systems
Apcera,Asana
Avi Networks Inc,AppDynamics
Api.ai,Aligo
Adioso,AppJet
280 North,InboxQ
AngelList,AstroloMe
Alpine Data Labs,Agentdesks
Automatic,Apportable
AgileMD,PushMarket
8tracks Radio,AppDynamics
42Floors,Amulyte
Astrid,Apportable
Algolia,AirPR
Artillery,Airware
AngelList,AppDynamics
Ark,Apptimize
37coins,Applauze
15Five,AirPR
Airseed,Augmedix
Availigent,500Friends
Avidia,Apptera
Attune,One Inc.
Arrayent,42
Adatao,Avi Networks Inc
Adventure Bucket List,Augmented Pixels
AVG Technologies,Avegant
Acclarent,Apropose
AeroFS,20n
Alchemist Accelerator,Appcelerator
Aarohi communication,AVG Technologies
Airbnb,1000memories
AppHarbor,PushMarket
8tracks Radio,6SensorLabs
37coins,AngelPad
AllTrails,Applauze
Aarohi communication,Altia Systems
AngelList,6SensorLabs
PushMarket,280 North
ApptheGame - Swoopt Daily Fantasy Sports,Anomaly Innovations
Appthority,Atieva
Aerospike,Acclarent
Applied MicroStructures,Appcelerator
Artillery,Amiato
Ark,Above All Software
AngelList,"ArrayPower, Inc."
Anki,8tracks Radio
Ark,Amulyte
Audiodraft,42
Ark,AnyLeaf
analyticsMD,280 North
Appbistro,App.io
Amulyte,AirPair
Allihub,Authernative
Airware,Auctomatic
Anki,AltSchool
Autopilot,Desk
Avega Systems,Atlantis Computing
Anchor Intelligence,ADARA
Autonomic Technologies,Ausra
Acta technology,3ware
Atheer Labs,Addepar
AngelList,ARMO BioSciences
Atheer Labs,Amiato
"Progyny, Inc.",Autonomic Technologies
Amplitude,Assembly
ArtCorgi,Appbistro
Artillery,Applauze
AVG Technologies,Atempo
AgilOne,Altiscale
Airphrame,ADARA
Aerohive Networks,Apropose
37coins,Aarki
Airbrite,Auctomatic
Amulyte,AeroFS
Arcot Systems,Altiscale
Ausra,Aerohive Networks
Amplitude,Robinhood
Robinhood,Alector
1000memories,AdRoll
Airtable,500Friends
Agami System,23andMe
AllTrails,Audience.fm
Alchemist Accelerator,AgilOne
Arch Rock Corporation,Alexza Pharmaceuticals
Astrid,Robinhood
Amprius,3-V Biosciences
Adku,about.me
3DPrinterOS,Airpost.io
Amiato,Airbrite
3ware,ApniCure
AltSchool,AeroFS
Audentes Therapeutics,3-V Biosciences
Adallom,Artimi
2Wire,Appcelerator
Api.ai,Availigent
Aha Mobile,Anacor Pharmaceutical
3VR,1Life Healthcare
Ark,AppJet
15Five,99Gamers
Adatao,App.net
AVG Technologies,Api.ai
Atheer Labs,AppLovin
42,280 North
15Five,3Sourcing
"Ariosa Diagnostics, Inc.",Atieva
One Inc.,Agentdesks
ArtCorgi,Airseed
The Activity Exchange (AchieveMint),Aptible
Amiato,App.net
Atrenta,Allux Medical
AdEspresso,Airseed
Appurify,Airtable
AirTight Networks,Amprius
One Inc.,AnyPerk
Appcelerator,Altiscale
Addvocate,Augmedix
ArtCorgi,Allay
Altor Networks,Autogrid
Anchor Intelligence,AdRoll
Allux Medical,Audentes Therapeutics
Altor Networks,ACCO Semiconductor
AdEspresso,Allay
Access Closure,Adaptive Insights
Nimble VR,Airbnb
Autopilot,Appirio
Agami System,3Jam
Amitree,2Wire
1000memories,Airware
3VR,agÃÂ¡mi Systems
Argo,Appcelerator
Autonomic Networks,ActiveGrid
Appsperse,Anomaly Innovations
Amino,AdRoll
2Wire,"Ariosa Diagnostics, Inc."
Airbnb,Asana
AirPair,Amplitude
Autogrid,AdWhirl
Airphrame,AdRoll
42,Airware
Algolia,500Friends
42,AngelList
15Five,500Friends
One Block Off the Grid (1BOG),Apropose
Aruba Networks,Apigee
Avegant,AeroFS
Apcera,Aviate
20n,Augmedix
6sense,Allux Medical
8tracks Radio,6sense
1000memories,Addepar
AdStage,AppZen
Avi Networks Inc,Above All Software
Atomwise,AdMob
Anacor Pharmaceutical,ADVANCE Medical
"Progyny, Inc.",Area 1 Security
Anybots,AirPair
ARMO BioSciences,3-V Biosciences
AnyPerk,Amplitude
AnyPerk,Authy
Alt12 Apps,AppJet
500Friends,InboxQ
1000memories,Algolia
AppZen,ActivityHero
Amprius,3VR
ArcSight,agÃÂ¡mi Systems
Appirio,Adallom
AdStage,ActivityHero
Agami System,One Block Off the Grid (1BOG)
Astoria Road,AdviseHub
Arch Rock Corporation,Aerospike
AppSocially,Audiodraft
Aria Systems,AdsNative
Active Mind Technology,AdEspresso
1000memories,Airphrame
Amino,Airtable
Apcera,Ark
Arrayent,Agiliance
Auris Surgical Robotics,Aviate
Audiodraft,Appstores.com
Attune,Alector
Appurify,AppLovin
"Andy OS, inc.",AngelPad
Anybots,AeroFS
Airtable,ApplePie Capital
ArtCorgi,Avegant
AnyPerk,8tracks Radio
Apigee,41st Parameter
AdEspresso,Avegant
AlikeAudience,Augmented Pixels
Area 1 Security,ActiveGrid
Apptimize,AdRoll
Airbnb,InboxQ
280 North,AirPair
Audentes Therapeutics,Ascendis Pharma
App Annie,Airbnb
Aeluros,Apropose
Autonomic Networks,AdWhirl
Amprius,ApniCure
Adeze,Altius Education
Agiliance,Altia Systems
One Inc.,1000memories
Anchor Intelligence,Airphrame
Desk,Alchemist Accelerator
One Inc.,Amino
Ark,Availigent
Alien Technology,Alexza Pharmaceuticals
AdStage,Autonomic Networks
Agility Design Solutions,Alexza Pharmaceuticals
Robinhood,3ware
Airbrite,Atomwise
280 North,AeroFS
AppSocially,ActivityHero
Alchemist Accelerator,3ware
Anki,Adallom
Astoria Software,Arcot Systems
Area 1 Security,ApniCure
Amplitude,Auctomatic
Academia.edu,Ausra
Anacor Pharmaceutical,Archemix
Airware,6SensorLabs
agÃÂ¡mi Systems,AppDynamics
AltSchool,Acompli
Api.ai,Nimble VR
Apsalar,"AutoLotto, Inc."
Automatic,Auctomatic
ARMO BioSciences,3VR
Apptuto,"AutoLotto, Inc."
Robinhood,Authy
Apptimize,Airware
Alpine Data Labs,Appcelerator
Alchemist Accelerator,Authy
Apptimize,AngelList
Airware,Activehours
AnyLeaf,500Friends
AdviseHub,Airy Labs
AEGEA Medical,Alexza Pharmaceuticals
Ascendis Pharma,Adiana
Airware,Agiliance
Apcera,Aerohive Networks
3Scan,Appurify
Ark,Adaptive Insights
Atlantis Computing,AeroScout
Appurify,Alation
Airware,ARMO BioSciences
6sense,ANDA Networks
Airware,Airbrite
Apportable,InboxQ
Anki,Airware
42Floors,Asana
Aviate,Allihub
Atrenta,ADVANCE Medical
Aria Systems,"Ariosa Diagnostics, Inc."
Aerospike,Aviate
AltoWeb,Acta technology
Affirm,Altius Education
140 Proof,App.net
App Annie,AccessLan Communications
AngelList,AppBarbecue Inc.
Amiato,3Scan
Artillery,Affirm
Apsalar,Appstores.com
Asseta,Airbrite
AppSocially,Applauze
agÃÂ¡mi Systems,ARMO BioSciences
Academia.edu,Affirm
ARMO BioSciences,ApniCure
Autonomic Networks,adRise
Atheer Labs,Apartment List
AdGrok,20n
Airware,App.net
Amplitude,AdMob
Apportable,Alector
Apcera,AeroFS
AngelList,3-V Biosciences
Automatic,42
Allihub,AeroFS
Amitree,AdRoll
ArtCorgi,37coins
Anki,Amiato
Airseed,Addepar
Aha Mobile,6sense
AgilOne,App Annie
Ark,Asana
21 Inc,Alation
37coins,AdviseHub
APX,Adaptive Planning
37coins,42
Appstores.com,Applauze
15Five,Apptuto
Align Commerce,aboutLife
Autonomic Technologies,Alexza Pharmaceuticals
Algolia,AllTrails
Aarohi communication,AcademixDirect
Ark,Anaplan
Api.ai,Atempo
Arrayent,AeroScout
One Inc.,Asana
Ascendis Pharma,"Ariosa Diagnostics, Inc."
Acompli,Auditude
AngelList,99Gamers
Aardvark,App.net
Airespace,41st Parameter
Appirio,ASTADIA
Avega Systems,AeroScout
AltSchool,Apiary
Avalanche Biotech,ADVANCE Medical
Artillery,about.me
Authy,Appurify
Academia.edu,about.me
Alumnify,ActivityHero
2Wire,Cloud9 IDE
Authy,AnyPerk
Airseed,AppLovin
Autogrid,Arkivio
AdWhirl,Airy Labs
Algolia,Adomo
Apropose,Robinhood
Academize,Agentdesks
Aruba Networks,15Five
Adatao,21 Inc
Airtable,Amplitude
500Friends,Authy
H2O.ai,Astrid
AeroFS,500Friends
Ark,Nimble VR
Amiato,21 Inc
99Gamers,AdEspresso
Desk,Applauze
Amulyte,Apportable
AngelList,500Friends
Anybots,analyticsMD
1000memories,AgileMD
Adku,Academize
Argo,Cloud9 IDE
Astoria Road,Augmented Pixels
AngelList,3VR
42,AgileMD
"Progyny, Inc.",agÃÂ¡mi Systems
AngelList,23andMe
99Gamers,Anyadir Education
Ark,Aicent
Amiato,500Friends
Audiodraft,AirPR
Appcelerator,Affinity Labs
Adku,Above All Software
Airbnb,Aerohive Networks
AppHarbor,42
Ark,Avegant
ARIO Data Networks,AppDynamics
Alpine Data Labs,Applied MicroStructures
Attendify,"Anews, Inc."
Airbnb,AirPair
280 North,Artillery
Apsalar,6sense
Airbrite,AdGrok
Airbrite,AnyPerk
Affymax,23andMe
1000memories,Adioso
Airware,AeroScout
Ausra,5th Finger
Aha Mobile,Appthority
Averail,adRise
AirXpanders,AirPR
Adioso,Amplitude
Algolia,Amplitude
Amprius,3ware
Aardvark,Appurify
Algolia,Authy
42,Adioso
AdviseHub,Aarki
AirPR,"AutoLotto, Inc."
about.me,Automattic
AngelList,ApniCure
Acta technology,41st Parameter
Arch Rock Corporation,Availigent
Amino,AgileMD
AltSchool,Alation
PushMarket,"Andy OS, inc."
Academia.edu,Adku
Arrayent,100Plus
Algolia,Cloud9 IDE
Atrenta,Anacor Pharmaceutical
3Scan,21 Inc
Above All Software,1000memories
AdGrok,Amulyte
Asana,Addepar
3VR,Amprius
Anaplan,Authy
Robinhood,AffinityLive
Algolia,8tracks Radio
ActivityHero,"AutoLotto, Inc."
3VR,AppDynamics
agÃÂ¡mi Systems,Aeluros
Anybots,42Floors
Aardvark,AdStack
Apcera,Area 1 Security
Amprius,Apcera
Appirio,Achievers
3DPrinterOS,Assemblage
15Five,App.io
Adaptive Insights,August
AltSchool,Assembly
Apptera,Aarki
Arch Rock Corporation,23andMe
AVG Technologies,Altia Systems
Eargo,Ark
Robinhood,Airy Labs
Apropose,Allihub
500Friends,Aptible
Align Commerce,Abra
AltSchool,Robinhood
Automatic,Airbrite
Alchemist Accelerator,Airy Labs
6SensorLabs,3Scan
Avidia,Aria Biosystems
Apptimize,AdRocket
Adioso,Asseta
Apportable,AirPair
8tracks Radio,August
Amplitude,App.net
Anybots,Apportable
Robinhood,Autopilot
AngelList,August
Ark,Api.ai
Arcot Systems,2Wire
Artillery,AppDynamics
Activehours,AppJet
Apsalar,Anyadir Education
Amprius,ArcSight
Arrayent,500Friends
Apptuto,Anyadir Education
Addepar,20n
3VR,ARMO BioSciences
AdStack,Acompli
Adku,Automattic
AppRedeem,ADARA
Airbnb,Aptible
140 Proof,100Plus
42,"Andy OS, inc."
One Inc.,Ark
Airware,3-V Biosciences
Academia.edu,20n
Authy,21 Inc
Amino,AccessLan Communications
Agnitus,Athos
Aerohive Networks,Acclarent
Robinhood,Agility Design Solutions
Autism Acumen,AgileMD
Airware,100Plus
Aruba Networks,AltSchool
Anapsis,Autism Acumen
37coins,Augmented Pixels
Access Closure,ADARA
Atomwise,3Scan
Amiato,Anybots
280 North,Apportable
AltSchool,Airbnb
AngelList,15Five
Algolia,Aptible
Aardvark,1000memories
agÃÂ¡mi Systems,3-V Biosciences
AdMob,AccessLan Communications
Adura Technologies,Allocade
Arkivio,Area 1 Security
AirTight Networks,Astoria Software
Altierre,APX
Autogrid,AdRoll
Altor Networks,Altiscale
PushMarket,AstroloMe
AppZen,42
AnyLeaf,Amplitude
Api.ai,9+ Program
AdStage,42
AngelList,Arcturus BioCloud
Amprius,Autonomic Technologies
AdRoll,AdMob
Alation,Asana
AngelList,adRise
Applauze,500Friends
Airware,21 Inc
42Floors,AirPair
Aardvark,100Plus
Cloud9 IDE,Altiscale
about.me,AdsNative
99Gamers,Airseed
AgileMD,Airbrite
Anki,Affirm
Aptus Endosystems,Acta technology
Atieva,Autonomic Networks
PushMarket,20n
6sense,Appstores.com
Ad Infuse,Airespace
Academic Earth,AltSchool
99Gamers,Allay
Avegant,Airbnb
Athos,Automattic
Arch Rock Corporation,Nimble VR
Avi Networks Inc,Aquest Systems
Attune,Airy Labs
Altura Medical,Access Closure
Amiato,adRise
AppHarbor,Airbrite
analyticsMD,20n
Aria Systems,Autonomic Technologies
Affinity Labs,AgilOne
42Floors,AeroFS
Autonomic Networks,Athos
Airware,500Friends
Autogrid,Alpine Data Labs
Ark,AirPair
One Block Off the Grid (1BOG),Acclarent
Automattic,1000memories
Apptimize,about.me
Airbnb,Area 1 Security
Asseta,500Friends
Agami System,Alien Technology
Altiscale,AdRoll
Airware,3VR
AppSocially,42
Alchemist Accelerator,AngelPad
Arcot Systems,Auditude
Arcot Systems,ADARA
Alien Technology,23andMe
Altiscale,Adallom
AppDynamics,Arcot Systems
Agility Design Solutions,23andMe
ArtCorgi,AppZen
adBrite,AccessLan Communications
One Inc.,Apcera
Ark,AeroFS
Autonomic Networks,AdRoll
Amulyte,Auctomatic
agÃÂ¡mi Systems,3VR
Airseed,about.me
AliveCor,Affirm
Anybots,Airbnb
ArtCorgi,ActivityHero
Apptera,Affirm
Anaplan,AirTight Networks
Arrayent,Arch Rock Corporation
Appstores.com,"Andy OS, inc."
Atomwise,500Friends
Allihub,Alation
Apieron,ADARA
Acclarent,"Ariosa Diagnostics, Inc."
42,20n
Airware,ApniCure
3VR,AeroScout
99Gamers,Avegant
Algolia,Adallom
Appbistro,"Andy OS, inc."
3Jam,Aeluros
AeroFS,Amplitude
100Plus,Applauze
Airbnb,PushMarket
Robinhood,1Life Healthcare
Altura Medical,Archemix
about.me,Nimble VR
Airseed,"Andy OS, inc."
Arch Rock Corporation,Atempo
Algolia,280 North
agÃÂ¡mi Systems,ApniCure
Aeluros,Acclarent
One Inc.,AppRedeem
Amplitude,3Scan
Amino,Aardvark
Altor Networks,Amitree
Ark,Auditude
Arcot Systems,AdRoll
37coins,AirPR
Aardvark,Anchor Intelligence
agÃÂ¡mi Systems,3Jam
AeroFS,8tracks Radio
Acclarent,Aragon Surgical
Algolia,PushMarket
ActivityHero,AdEspresso
Anyadir Education,"AutoLotto, Inc."
Amplitude,Authentic8
AppZen,Appstores.com
Apcera,Robinhood
Apptimize,Adku
Amiato,Amplitude
Robinhood,agÃÂ¡mi Systems
Amiato,Authy
AdStage,Appstores.com
Airespace,Adku
Aptus Endosystems,ApniCure
Altor Networks,Argo
15Five,Airtable
23andMe,Alexza Pharmaceuticals
Algolia,Airware
Adatao,Apcera
about.me,Avegant
Apcera,agÃÂ¡mi Systems
15Five,AngelList
Arch Rock Corporation,Api.ai
Airware,Alector
AngelList,App.io
analyticsMD,Apptimize
Adatao,8tracks Radio
Adku,Allay
Adioso,analyticsMD
Airbrite,InboxQ
August,15Five
ActivityHero,Anyadir Education
6SensorLabs,August
Amiato,8tracks Radio
adBrite,AdMob
Auditude,1000memories
One Inc.,Accredible
PushMarket,Amulyte
Autonomic Technologies,AdsNative
Adatao,AltSchool
Amprius,Airware
Appcelerator,AdRoll
Alumnify,42
Amplitude,One Inc.
AnyPerk,Affirm
Amiato,AltSchool
"Progyny, Inc.",AppDynamics
Aerohive Networks,AgilOne
Airware,Arch Rock Corporation
analyticsMD,Amulyte
3Jam,3-V Biosciences
AppDynamics,Appirio
App.net,8tracks Radio
Anybots,Auctomatic
Api.ai,Altia Systems
analyticsMD,AnyLeaf
Averail,AdRoll
15Five,Algolia
Allihub,Airbnb
Atieva,ANDA Networks
2Wire,1Life Healthcare
ALDEA Pharmaceuticals,AirXpanders
AppSocially,Appstores.com
Adaptive Insights,Adaptive Planning
Amplitude,21 Inc
Algolia,Applauze
1000memories,Apptimize
Aquest Systems,AeroScout
Achievers,Airbnb
Ark,Alchemist Accelerator
3VR,Apigee
42,Apptimize
Attune,1Life Healthcare
Adiana,ARMO BioSciences
Academia.edu,Automattic
Audiodraft,Alumnify
37coins,99Gamers
Aarki,App.io
37coins,3Sourcing
"Progyny, Inc.",ARMO BioSciences
Apropose,App.net
Abra,Airware
280 North,Auctomatic
Aha Mobile,Atieva
Amplitude,500Friends
1000memories,Amulyte
AnyLeaf,280 North
Apportable,42Floors
AllTrails,3Sourcing
1000memories,AnyLeaf
Automatic,500Friends
ArcSight,3-V Biosciences
Auris Surgical Robotics,ANDA Networks
42,Amulyte
Airseed,20n
Access Closure,Allux Medical
AEGEA Medical,Aragon Surgical
Automattic,Alector
42,AnyLeaf
Avi Networks Inc,Auditude
Apcera,Allihub
Amprius,41st Parameter
Ark,Artillery
Aria Systems,Autonomic Networks
AeroFS,ADARA
Ark,analyticsMD
InboxQ,Authy
Ausra,Atomwise
AdStage,6sense
AppLovin,adRise
Arkin,Astrid
"Ariosa Diagnostics, Inc.",Audentes Therapeutics
Auctomatic,Authy
AngelList,Archemix
Airbnb,Robinhood
Apsalar,AllTrails
2Wire,ANDA Networks
Apptuto,AllTrails
Autopilot,Authy
21 Inc,Artify It
ActivityHero,Appbistro
Apiary,Adku
Alt12 Apps,Acompli
Achievers,AccessLan Communications
Above All Software,AirPair
Augmedix,Autism Acumen
Avi Networks Inc,Athos
42Floors,Allegro Networks
Attune,Astrid
Apptera,AppDynamics
Anaplan,ASTADIA
ADVANCE Medical,"Ariosa Diagnostics, Inc."
AliveCor,20n
Apptera,Alexza Pharmaceuticals
Auris Surgical Robotics,AccessLan Communications
3VR,Adura Technologies
One Inc.,PushMarket
Ascendis Pharma,Autonomic Networks
AngelList,AffinityLive
Align Commerce,Aerohive Networks
Alumnify,Appstores.com
21 Inc,Artimi
App.net,ADARA
21 Inc,Appurify
Adatao,Athos
Amplify Health,The Activity Exchange (AchieveMint)
Appurify,Automattic
agÃÂ¡mi Systems,3ware
ActivityHero,Airseed
August,App.io
AgileMD,500Friends
Aerohive Networks,3ware
ArcSight,3VR
Airware,Authy
ARMO BioSciences,41st Parameter
42,Apsalar
Nimble VR,Aicent
AngelList,AdRoll
Apportable,1Life Healthcare
Amitree,Atomwise
8tracks Radio,Adallom
42,AdEspresso
ActivityHero,Allay
Asseta,Amplitude
AdviseHub,Augmented Pixels
Asseta,Authy
Robinhood,Desk
Nimble VR,Avegant
Ark,42Floors
AppRedeem,Airbnb
42Floors,Apportable
Amino,Artimi
Anybots,Atomwise
Affirm,AppDynamics
AppHarbor,500Friends
Aptus Endosystems,3ware
analyticsMD,3Sourcing
Apcera,Desk
Avi Networks Inc,Acupera
Aerospike,AltoWeb
Airware,8tracks Radio
Astrid,Alector
Alchemist Accelerator,AdMob
AlikeAudience,9+ Program
Airbrite,AirPair
Affirm,20n
Altiscale,Airbnb
Attachments.me,about.me
AtheroMed,AdverCar
InboxQ,Aptible
ArcSight,ApniCure
Ark,Apportable
Alpine Data Labs,ASSIA
Automatic,Anybots
2Wire,Arcot Systems
Atomwise,Amplitude
Amiato,280 North
Atomwise,Authy
Asseta,AltSchool
AngelList,Airtable
AnyPerk,Aardvark
Autogrid,ACCO Semiconductor
One Inc.,Applauze
Auctomatic,Aptible
140 Proof,AppRedeem
3VR,Aruba Networks
aboutLife,Aerohive Networks
Adioso,AgileMD
Automile,15Five
Authy,Aptible
One Block Off the Grid (1BOG),3ware
20n,Atomwise
Acclarent,Autonomic Technologies
AnyPerk,20n
Adatao,Airware
Adioso,Airbnb
Amiato,Airtable
42,99Gamers
Argo,Arcot Systems
Ark,140 Proof
Amiato,Airware
ActivityHero,Avegant
42,3Sourcing
Ark,Alation
3Scan,Area 1 Security
Atrenta,"Ariosa Diagnostics, Inc."
42Floors,Assembly
AppSocially,AirPR
Algolia,Airespace
Altor Networks,2Wire
Apptera,AEGEA Medical
"Ariosa Diagnostics, Inc.",Adynxx
37coins,15Five
Active Mind Technology,Apportable
Alchemist Accelerator,Appirio
AppDynamics,AeroScout
Adatao,Amiato
Appirio,Altiscale
Atheer Labs,Airseed
Aria Systems,ANDA Networks
Aarohi communication,Aicent
Airware,Autonomic Technologies
Arrayent,Athos
Astrid,AllTrails
Amiato,Addepar
AgilOne,Airbnb
2Wire,AdMob
Algolia,Adioso
Agami System,Apropose
Aardvark,AppRedeem
Aviate,ApplePie Capital
Amitree,Apptimize
Audentes Therapeutics,Airbnb
Artillery,Authernative
Airware,Aptible
Ausra,Artimi
37coins,Apptuto
One Inc.,Aarki
AltSchool,AnyPerk
Adaptive Insights,41st Parameter
Arch Rock Corporation,Alien Technology
Artillery,Nimble VR
Apropose,3-V Biosciences
Arcot Systems,AnchorFree
Apigee,Adaptive Insights
Acta technology,Above All Software
Ark,Robinhood
Appstores.com,Apsalar
Ardian,Apprion
AirPR,AllTrails
2Wire,Audentes Therapeutics
Autonomic Networks,ACCO Semiconductor
Airbrite,Aptible
AppDirect,Authentic8
Above All Software,AirTight Networks
AngelList,41st Parameter
Addepar,15Five
Argo,AdMob
ALDEA Pharmaceuticals,AdverCar
Appbistro,Apsalar
"Progyny, Inc.",3-V Biosciences
Atomwise,AuctionDrop
Aruba Networks,Airbnb
Attune,Atlantis Computing
Aruba Networks,Apartment List
Airy Labs,9+ Program
Artillery,15Five
Appbistro,AdEspresso
Athos,Aerohive Networks
42Floors,Airbnb
AdGrok,AeroFS
Adomo,Averail
Autopilot,AffinityLive
Autonomic Technologies,Aerohive Networks
Ascendis Pharma,ANDA Networks
AirPair,Apptimize
Authy,Area 1 Security
42,Appbistro
AdStage,500Friends
Anaplan,Arcot Systems
Addepar,adRise
Atom Entertainment,Airbnb
3VR,Aquest Systems
Adku,Auditude
Airware,Alt12 Apps
3VR,Adomo
20n,Apptimize
InboxQ,280 North
2Wire,Appirio
Robinhood,Activehours
Alchemist Accelerator,"ArrayPower, Inc."
Apptimize,AdStage
AppSocially,99Gamers
Airespace,Apigee
Autopilot,Adallom
Ark,Airbnb
AgilOne,AccessLan Communications
about.me,Airstone
Auctomatic,280 North
Adility,AngelList
Arcot Systems,AccessLan Communications
Arrayent,Airware
Apportable,Auctomatic
Adworx,Aarki
Arch Rock Corporation,AVG Technologies
AnyPerk,Apptimize
Amplitude,Authy
3Jam,3ware
App.io,3Sourcing
Arch Rock Corporation,Altia Systems
Algolia,"Andy OS, inc."
3scale,Alation
15Five,"Andy OS, inc."
Aarohi communication,Ark
Automatic,Amplitude
Apcera,ARMO BioSciences
Automatic,Authy
42,Airseed
Alumnify,AirPR
Airware,Area 1 Security
Anapsis,Aptible
Altura Medical,Anagran
Anybots,AdGrok
Anybots,AnyPerk
Appstores.com,99Gamers
Appstores.com,3Sourcing
Amplitude,Apcera
Anaplan,Desk
Asseta,AffinityLive
Adiana,AtheroMed
42,Allay
3ware,Alexza Pharmaceuticals
Audiodraft,AngelList
Airware,Audiodraft
Airy Labs,AdRoll
3VR,Allocade
Apcera,App.net
ArtCorgi,"AutoLotto, Inc."
"Progyny, Inc.",3VR
Auditude,AirPair
AdEspresso,"AutoLotto, Inc."
Appcelerator,AccessLan Communications
Airseed,3Sourcing
Robinhood,Aerospike
Aruba Networks,Atom Entertainment
9+ Program,Altitude Co
Agami System,Alexza Pharmaceuticals
Altia Systems,AeroScout
Airbnb,Appirio
Airware,280 North
Amitree,Altiscale
100Plus,Activehours
AirPair,AnyPerk
20n,Artimi
Asseta,280 North
Arrayent,Altia Systems
Airware,PushMarket
42Floors,Apropose
42Floors,Auctomatic
37coins,App.io
Adku,Airstone
Apptimize,23andMe
Apptimize,3scale
500Friends,20n
ArtCorgi,Appstores.com
Amino,Appcelerator
Augmented Pixels,9+ Program
Airespace,Adaptive Insights
"Progyny, Inc.",ApniCure
Acta technology,Apigee
AdStage,ApplePie Capital
AllTrails,App.io
Amitree,AdStage
Atieva,6sense
"Andy OS, inc.",AllTrails
Airbrite,PushMarket
AltSchool,21 Inc
Adaptive Insights,Achievers
37coins,Asseta
AgileMD,Amplitude
Appirio,Anaplan
AgileMD,Authy
42,Avegant
Airbnb,AppDynamics
Amulyte,500Friends
AngelList,Ausra
Airseed,23andMe
Activehours,Acompli
Ausra,21 Inc
Acompli,Appurify
Authy,Applauze
Ark,Auctomatic
ArcSight,Apcera
Aerohive Networks,Agility Design Solutions
Agiliance,Aicent
Artillery,8tracks Radio
AltoWeb,Airespace
Amplitude,Aptible
AppHarbor,Amplitude
AppHarbor,Authy
Agiliance,Avegant
Altiscale,Atomwise
Automatic,AppHarbor
Anybots,1000memories
Aviate,8tracks Radio
Automatic,Aptible
Artillery,AltSchool
AnyPerk,AdEspresso
Adiana,Alector
AngelList,Apartment List
Atomwise,Airtable
Allihub,AnyPerk
Apptuto,ActivityHero
Apptimize,Airseed
A10 Networks,Aeluros
AppDynamics,Astoria Software
Apiary,AdStage
Aviate,AltSchool
Algolia,20n
Airware,Applauze
Amprius,AppDynamics
Amiato,AgileMD
AppLovin,Addepar
AeroFS,Affirm
about.me,Apportable
Avalanche Biotech,2Wire
AdRoll,adRise
Affinity Circles,Averail
8tracks Radio,Affirm
Airbnb,ARMO BioSciences
ApniCure,Articulinx Inc.
Appbistro,Airseed
AppZen,AllTrails
Adomo,Appcelerator
Avalanche Biotech,Aria Systems
Airbnb,Airbrite
AdStage,AllTrails
Adioso,Atomwise
Archemix,Aviate
Apcera,"Progyny, Inc."
Allocade,Allvoices
Autopilot,ASTADIA
Robinhood,Aeluros
Adiana,Aria Biosystems
Appbistro,Allay
Area 1 Security,AppDynamics
Airware,41st Parameter
Adatao,Affirm
Adallom,AdMob
23andMe,Apptuto
AltSchool,Anchor Intelligence
One Inc.,Desk
AngelList,Anagran
37coins,9+ Program
2Wire,6sense
Aruspex,Ausra
Alation,Robinhood
Aria Systems,Alminder
App.net,Airbnb
One Block Off the Grid (1BOG),Agility Design Solutions
Amiato,Affirm
Aardvark,Applauze
Amiato,Adioso
"AutoLotto, Inc.",Applauze
One Inc.,AdMob
Atheer Labs,AirPair
Amplify Health,Autism Acumen
agÃÂ¡mi Systems,41st Parameter
ArcSight,Autonomic Technologies
Acupera,Aerohive Networks
AppSocially,15Five
Aviate,AuctionDrop
Apsalar,Applauze
Alexza Pharmaceuticals,Aeluros
Apptuto,Applauze
Anyadir Education,AllTrails
3-V Biosciences,Area 1 Security
App.io,15Five
AppDynamics,August
Amplitude,Area 1 Security
8tracks Radio,about.me
Amitree,Argo
AppZen,Alumnify
AngelList,about.me
AdStage,Alumnify
AppSocially,Apptuto
Apptera,Adiana
Acompli,1000memories
100Plus,AeroScout
Auditude,AirTight Networks
Apcera,3Scan
Airware,1Life Healthcare
Altia Systems,500Friends
ARMO BioSciences,AppDynamics
analyticsMD,AirPair
Align Commerce,agÃÂ¡mi Systems
AdEspresso,Agentdesks
Apieron,Atomwise
Amitree,Asana
AppHarbor,Aptible
42Floors,Atomwise
Academic Earth,Aardvark
AdRocket,Aardvark
PushMarket,AeroFS
Altor Networks,Autonomic Networks
Appstores.com,Apptuto
Appbistro,Avegant
Allihub,Abra
Robinhood,3-V Biosciences
AngelList,"Andy OS, inc."
Adworx,AdviseHub
analyticsMD,AeroFS
Arcaris,Active Scaler
Automatic,280 North
500Friends,AeroScout
Apcera,3-V Biosciences
Aerohive Networks,Robinhood
Auris Surgical Robotics,3Scan
Adioso,Apptimize
42,App.io
280 North,500Friends
Ark,Atomwise
3VR,Allvoices
Adaptive Planning,Aligo
AnyLeaf,20n
Ark,Avi Networks Inc
Automatic,PushMarket
Aerohive Networks,agÃÂ¡mi Systems
Alexza Pharmaceuticals,3-V Biosciences
1000memories,AirPair
AppMesh,Alpine Data Labs
42,Asseta
about.me,Airbnb
Automatic,Airware
ArcSight,Area 1 Security
Appurify,AeroFS
Athos,Applauze
Ascendis Pharma,ARMO BioSciences
Algolia,Amulyte
Astrid,Airware
Airbnb,AeroScout
Adioso,AnyLeaf
ArtCorgi,Anyadir Education
500Friends,AppJet
AppSlingr,Airpost.io
AdEspresso,Anyadir Education
Anacor Pharmaceutical,Autonomic Networks
Autogrid,Averail
Ark,Appstores.com
Apcera,21 Inc
Addepar,AdRoll
One Inc.,AppDynamics
500Friends,AirPR
Amplitude,Amiato
1000memories,AeroFS
ADVANCE Medical,Autonomic Networks
37coins,AngelList
Anybots,InboxQ
42,AeroFS
Automatic,Amiato
Algolia,Ad Infuse
Arch Rock Corporation,Apropose
analyticsMD,Atheer Labs
41st Parameter,Aerohive Networks
Apropose,8tracks Radio
Aerospike,Aeluros
42Floors,App.net
Augmedix,Aptible
Aria Systems,6sense
One Block Off the Grid (1BOG),Robinhood
Apropose,AltSchool
Alumnify,AllTrails
Academia.edu,Airstone
Altierre,Asetek
agÃÂ¡mi Systems,Ausra
AgileMD,280 North
Anacor Pharmaceutical,Allux Medical
Robinhood,23andMe
Apcera,3VR
Affinity Circles,Appcelerator
One Block Off the Grid (1BOG),agÃÂ¡mi Systems
37coins,Algolia
Adioso,AdGrok
Adioso,AnyPerk
aboutLife,Airbnb
Apigee,Altor Networks
ADVANCE Medical,Allux Medical
Asseta,AgileMD
AirPair,InboxQ
AtheroMed,Aptus Endosystems
Allihub,Asana
Autonomic Networks,Apsalar
Ark,App.net
Artillery,Airtable
AppHarbor,280 North
AppSocially,App.io
ArcSight,Airware
Artillery,AngelList
AVG Technologies,Aicent
Aviate,Airtable
Arcot Systems,Artimi
Airtable,AdStage
Airware,Affirm
Aviate,Airware
Adility,"Andy OS, inc."
One Inc.,App.net
AirPR,Applauze
Algolia,Apsalar
15Five,Apsalar
Adatao,AppDynamics
Ascendis Pharma,6sense
Alchemist Accelerator,ApniCure
AnyLeaf,Apptimize
3Jam,41st Parameter
15Five,AdEspresso
AdWhirl,adRise
Appstores.com,App.io
Apcera,ApniCure
Robinhood,3Jam
Amulyte,Authy
Audience.fm,Agentdesks
AppHarbor,Airware
Airbnb,3-V Biosciences
Algolia,Altiscale
Desk,Authy
Aerospike,3-V Biosciences
Airbnb,Acta technology
Apsalar,Airespace
Audiodraft,"Andy OS, inc."
42,Airpost.io
Amiato,20n
Astrid,Audience.fm
AnyLeaf,Amulyte
Amplitude,1Life Healthcare
Appcelerator,Agentdesks
Appcelerator,Artimi
42Floors,AnyPerk
Atheer Labs,AppZen
Anybots,Ark
Atrenta,Autonomic Networks
3ware,Adura Technologies
Autonomic Networks,ARIO Data Networks
Attune,500Friends
Adallom,adBrite
Airware,about.me
Astrid,1Life Healthcare
6SensorLabs,about.me
Attachments.me,AppDirect
Alchemist Accelerator,AdWhirl
Aha Mobile,Audentes Therapeutics
Robinhood,August
Aria Systems,Appthority
Airbnb,21 Inc
Autonomic Technologies,Airbnb
Aragon Surgical,ArcSight
Achievers,App Annie
Atomwise,Anagran
Ark,Appurify
Attune,23andMe
Ark,AdGrok
Ark,AnyPerk
140 Proof,AdMob
Alien Technology,Apropose
Adioso,1000memories
Algolia,99Gamers
Agility Design Solutions,Apropose
Algolia,3Sourcing
Anki,AeroFS
Aruba Networks,Altiscale
analyticsMD,AppZen
Adworx,Augmented Pixels
Appthority,2Wire
Airbnb,500Friends
Altor Networks,AccessLan Communications
Anacor Pharmaceutical,ANDA Networks
AdStage,Audiodraft
Atom Entertainment,Altiscale
Appcelerator,Averail
Robinhood,15Five
Access Closure,AdsNative
Airbnb,3VR
Adility,AstroloMe
ADVANCE Medical,ANDA Networks
Avalanche Biotech,Autonomic Networks
Authy,Appirio
Airtable,Argo
Ascendis Pharma,Appthority
"Andy OS, inc.",Addepar
Cloud9 IDE,AccessLan Communications
21 Inc,Area 1 Security
AeroFS,Apptimize
AtheroMed,Articulinx Inc.
Eargo,AirPR
1000memories,analyticsMD
Alexza Pharmaceuticals,Aria Biosystems
Eargo,Adeze
99Gamers,"AutoLotto, Inc."
Amulyte,Aptible
Aardvark,AdMob
AppRedeem,Asana
42,analyticsMD
Anybots,Authy
